; HEADER_BLOCK_START
; generated by OrcaSlicer 2.4.2 on 2026-08-13 at 14:34:27
; total layer number: 27
; filament_density: 1.24
; filament_diameter: 1.75
; max_z_height: 5.40
; filament: 1
; HEADER_BLOCK_END

; THUMBNAIL_BLOCK_START

;
; thumbnail begin 230x110 2844
; iVBORw0KGgoAAAANSUhEUgAAAOYAAABuCAYAAAAziW8OAAAIG0lEQVR4Ae2d226bWRmG/xsB7gEhJB
; gNFJXtBSCEQBwhQIwEtDNp6mwc24nteBfHzs7NvkmcOLtmN5nJDGjMgOiccTi38836lmvXTfO7jmOv
; 30meR3rVqo3rHPjt+633W3Y8DwAAAAAAAAAAAAAAAAAAAAAAAAAAAAAAAAAAAO4y3/3+9x6o/vjBny
; PN0j/zAMAddSPOrS9Wv/r6/9JK+jX6tR4AdI/mNFSTtWNGP5GiADdADXQTA7YS6QnQAWqcXhiS5ATo
; gF6m5FXnTg8AWuMiJS/LA4CrcZmSjLMAbaDGCMKQJCaAD9dNyYuXX0jl/EXXTLm6t0ViAtTpdHTdPT
; +y6mZifus7337gAdx3blLwqCnTc3lZLK91JS0ZZeHe042CR435zJhSzblzdngjU9aNyUUDuLd0aw1S
; N6Ym5kQuJfF8WrbPDtp+/Gn1QlIzU9aUp//+DHPC/aWba5DLxpyYSsl4LinRTEKKKwuydbwnm0cVOf
; /PP+Xsy8+t1g/Kkixk5dHQE/lweFBWdjcbpqwbU6XfJ0UQ3Hl6sQa5eFltjLKvjZmyxoym4xJJTUg4
; GZPRRFSGxsPyNDpqzahKGHOqIdWYA+Ghxkh7+TlIT7iz9OoGj65L1JSZJmOqNClnVko2NTdeVKzWTF
; Kq1HwnZoRNTGesQXWUPTMGTc/mfZ8Hc8Kdotc3eJrLn8uj7OvEHLepqYkZMok5MBqSx2aM1VF2pbLx
; xjmzfu7EoHBncXHPdfeT47cS0/xHILFs0qZmcXmhMcqGYmHJzhdkspiz5tPU1N9/ZIx6+XzZSpgTbi
; Uu77nufnIkmflp38QsLM/L9NKcLYCeH+5IdqFgTDzdSExr0iuKn3ZEMQS3Btf3XD/7qip7nx6/sS7R
; 8mdmtfRW+aOJWS9/tJXVxDx9lZo6yjavSzAn3BmCeIuWaml73Rhz/a3E3DreNeVPqVH+6JpEpSsTuy
; 4JDTTKHzVlqkX500oeQD8S5Fu0VLaZnX09ypZP9q+9LtFzpjaznTw/Z07oO4JKycvSdrZ5XWLNmU7I
; pklNPWPmF2clVyradYmOr8umjdV1Sa38edqxKVV86gH0DUGn5FVSM5ZP91+NsnGJpjQx43Zdkl+ck6
; nSjF2XDI4N2+LnsS1/sl15bg8gaPolJVvJrkpWFmRscsKMsTEZiUdM+WNMGRmxZ8p68dON59Jx2AMI
; kn5LyX6QOcsyykIwBP1xH/2s9378fsQDcM1tGF2Dkq5YPACX9GPB0y+q7z09AJeQkv7Svedv/vA7zp
; XgFlLSX9ro/pAzJbiEgsdfdnQ1pvQAXMLo6i9GV3AOBY+/SEkIBFLSX6QkOIeUbC0KHnAOKekvHV1J
; SXAOKekvRldwDqOrvyh4IBAYXf1FSoJzSEl/kZIQCKRka1OSkuAcUtJfOrqyBgGncM/VX4yuEAiMrv
; 6i4AHnUPD4i5SEQCAl/UVKgnNIydbinis4h4LHXzq66o858ABcwujqL0ZXcA6jq78oeCAQSEl/kZLg
; HFKytSh4wDmkpL+45wqBQEr6i3uu4BzWIP6i4IFAYHT1FwUPOIeCx1+kJAQCKekvUhICgZT0F2sQcM
; 51Cp5P//dF11/0Oh66NNl1vzdGV3DOdUfXyvkLuXjZfXP2oxhdITCu+2JVYy6W14w5q31vrE5FSkKg
; dFL06CibmZuWZ1urNzbA6t6WU8O1I1ISAqeTskeNuVhet4mi5tw5O+jQlJvWmP1kTgoe6As6efHWR1
; k15WQxJ/F8RraNOc//+6+2Hn9avbAGSM9O2ZFRjRl0+cM9V+grOmlY3zZmWmLZpEQzCYlk4rJ5vCub
; RzV9/OXn8vxgW9aM+ZKFrDwaeiIfjgyacXHDmmEgPBS4KRldoe9ITGeqnRpTU6+emBO5VM2Y6bhEUh
; MSTsZkNBGVofGwPI2MyMBoyJrSPJ8x4oU1w0A4JGfGlEEZk4IH+prrtqu1M+abiTmem7TGLK6UpLA8
; LxtHFXn+YkfWD7dtaq4aI+oIq6mpiTk5k7OmDOp8SUpC3zMYGa5e50W9e37USMzS5ookTGI2RlmTmG
; MmMceS4yYxYyYxxyQUHZUnY8PyeHhQ/hEaqI2xr86Zro1JSsKt4i9//6Da7nlTE7a+LrmcmJvHezYx
; p5fm7CibKxUlO1+wZjgxZlRD6mM+Gn3aaGVdjbIUPHAr+emvfhHZ+fiwLWMuba83nTHfLH8iqbgUlu
; Zt+VM3Zno2bxNTz5n6GD1nulyXsAaBW8+7zKnJqsZsXpdo+bN1stey/NHzZXNq6rpE/71eGpPRFe4U
; f/rbX6utDKrG1HOmnjGbE7O4smDXJbXErNjyR1UvfprLH2uaV+bshSh44E7SarStnTPzdkTV8md27d
; kV65KY77pEjap/dtaD8yUpCfcCHTuvMqi+w0T/Ts2m5U/5ZL9WAJmzpa5L8ouz9oy5tl+2BlyubNiv
; r5U/vTElKQn3ilbpqdfxtPCJphP217FJsy6ZHJeReFSmSjMSioXFrGTkkVmVqGrlT/dNScED9xY9U/
; oZY8usSjQt1ZjhZM2YusfU1YoWPVr8qHoxupKScO95VzHkUoyuAE20u/PslSh4AFrgVwyRkgAB4yo9
; SUmADtBiqBefoFc3JSkJ0CG9KIb4gT0AXaIb5mR0BegBthg6O+w4JRldAXrEw1/+LDL3fEnKp/vvNG
; P9nSd6yd0DgN7zk58/jDTefXJUsbIfPXKwLdmFoiQKWfn1739b/cH770U8AAiOHz18EPEAAAAAAAAA
; AAAAruIba+aIMfeZnBUAAAAASUVORK5CYII=
; thumbnail end
; THUMBNAIL_BLOCK_END

; external perimeters extrusion width = 0.42mm
; perimeters extrusion width = 0.45mm
; infill extrusion width = 0.45mm
; solid infill extrusion width = 0.42mm
; top infill extrusion width = 0.42mm
; first layer extrusion width = 0.50mm

; EXECUTABLE_BLOCK_START
M201 X2000 Y2000 Z800 E2000
M203 X300 Y300 Z8 E100
M204 P2000 R2000 T20000 ; sets acceleration (P, T) and retract acceleration (R), mm/sec^2
M205 X10.00 Y10.00 Z2.00 E5.00 ; sets the jerk limits, mm/sec
M205 J0.010
;TYPE:Custom
G21 ; metric values
G90 ; use absolute coordinates
M83 ; extruder relative mode
M104 S240 ; set extruder temp
M140 S70 ; set bed temp
G28; move X/Y/Z to min endstops
M420 S1
M300 S1318 P266
G1 Z5 F5000 ; lift nozzle
G1 X0 Y0  F3000
G1 Z0.3; lift nozzle a bit
G92 E0 ; zero after lift
G1 X10 Y5 F1800 ; move to purge line start position
M190 S70 ; wait for bed temp
M109 S240 ; wait for extruder temp
G1 X60 Y5 E20 F500 ; Extrude 20mm of filament in a 5cm line. 
G92 E0 ; zero the extruded length again 
G1 E-4.5 F4000 ; Retract a little 
G92 E0 ; zero the extruded length again
G1 X120 F4000 ; Quickly wipe away from the filament line
M117 Printing... ; Display status message
G90
G21
M83 ; use relative distances for extrusion
; filament start gcode
M106 S0
;LAYER_CHANGE
;Z:0.2
;HEIGHT:0.2
G92 E0 ; zero the extruded length again
; BEFORE_LAYER_CHANGE 0 @ 0.2mm
G1 E-1 F1800
; AFTER_LAYER_CHANGE 0 @ 0.2mm
;_SET_FAN_SPEED_CHANGING_LAYER
; Calib_Retraction_tower: Z_HEIGHT: 0.2, length:0.5
M204 P500
M204 T2000
G1 X91.824 Y98.48 F9000
G1 Z.2
G1 Z.2
G1 E1 F2400
;TYPE:Skirt
;WIDTH:0.5
G1 F1500
G1 X93 Y98.357 E.03934
G1 X127.541 Y98.393 E1.1492
G1 X128.317 Y98.495 E.02606
G1 X129.362 Y98.775 E.03598
G1 X130.085 Y99.075 E.02606
G1 X131.022 Y99.615 E.03598
G1 X131.643 Y100.092 E.02606
G1 X132.408 Y100.857 E.03598
G1 X132.885 Y101.478 E.02606
G1 X133.425 Y102.415 E.03598
G1 X133.725 Y103.138 E.02606
G1 X134.005 Y104.183 E.03598
G1 X134.107 Y104.959 E.02606
G1 X134.143 Y114.5 E.31743
G1 X134.005 Y115.817 E.04406
G1 X133.725 Y116.862 E.03598
G1 X133.425 Y117.585 E.02606
G1 X132.885 Y118.522 E.03598
G1 X132.408 Y119.143 E.02606
G1 X131.643 Y119.908 E.03598
G1 X131.022 Y120.385 E.02606
G1 X130.085 Y120.925 E.03598
G1 X129.362 Y121.225 E.02606
G1 X128.317 Y121.505 E.03598
G1 X127 Y121.643 E.04406
G1 X92.459 Y121.607 E1.1492
G1 X91.683 Y121.505 E.02606
G1 X90.638 Y121.225 E.03598
G1 X89.915 Y120.925 E.02606
G1 X88.978 Y120.385 E.03598
G1 X88.357 Y119.908 E.02606
G1 X87.592 Y119.143 E.03598
G1 X87.115 Y118.522 E.02606
G1 X86.575 Y117.585 E.03598
G1 X86.275 Y116.862 E.02606
G1 X85.995 Y115.817 E.03598
G1 X85.857 Y114.5 E.04406
G1 X85.857 Y105.5 E.29944
G1 X85.995 Y104.183 E.04406
G1 X86.275 Y103.138 E.03598
G1 X86.575 Y102.415 E.02606
G1 X87.115 Y101.478 E.03598
G1 X87.592 Y100.857 E.02606
G1 X88.357 Y100.092 E.03598
G1 X88.978 Y99.615 E.02606
G1 X89.915 Y99.075 E.03598
G1 X90.638 Y98.775 E.02606
G1 X91.683 Y98.495 E.03598
G1 X91.784 Y98.484 E.00339
G1 X91.832 Y98.939 F9000
G1 F1500
G1 X93 Y98.814 E.03906
G1 X127.481 Y98.846 E1.14721
G1 X128.258 Y98.948 E.02606
G1 X129.187 Y99.197 E.03201
G1 X129.91 Y99.497 E.02606
G1 X130.744 Y99.978 E.03201
G1 X131.365 Y100.455 E.02606
G1 X132.045 Y101.135 E.03201
G1 X132.522 Y101.756 E.02606
G1 X133.003 Y102.59 E.03201
G1 X133.303 Y103.313 E.02606
G1 X133.552 Y104.242 E.03201
G1 X133.654 Y105.019 E.02606
G1 X133.686 Y114.5 E.31544
G1 X133.552 Y115.758 E.04207
G1 X133.303 Y116.687 E.03201
G1 X133.003 Y117.41 E.02606
G1 X132.522 Y118.244 E.03201
G1 X132.045 Y118.865 E.02606
G1 X131.365 Y119.545 E.03201
G1 X130.744 Y120.022 E.02606
G1 X129.91 Y120.503 E.03201
G1 X129.187 Y120.803 E.02606
G1 X128.258 Y121.052 E.03201
G1 X127 Y121.186 E.04207
G1 X92.519 Y121.154 E1.14721
G1 X91.742 Y121.052 E.02606
G1 X90.813 Y120.803 E.03201
G1 X90.09 Y120.503 E.02606
G1 X89.256 Y120.022 E.03201
G1 X88.635 Y119.545 E.02606
G1 X87.955 Y118.865 E.03201
G1 X87.478 Y118.244 E.02606
G1 X86.997 Y117.41 E.03201
G1 X86.697 Y116.687 E.02606
G1 X86.448 Y115.758 E.03201
G1 X86.314 Y114.5 E.04207
G1 X86.314 Y105.5 E.29944
G1 X86.448 Y104.242 E.04207
G1 X86.697 Y103.313 E.03201
G1 X86.997 Y102.59 E.02606
G1 X87.478 Y101.756 E.03201
G1 X87.955 Y101.135 E.02606
G1 X88.635 Y100.455 E.03201
G1 X89.256 Y99.978 E.02606
G1 X90.09 Y99.497 E.03201
G1 X90.813 Y99.197 E.02606
G1 X91.742 Y98.948 E.03201
G1 X91.793 Y98.943 E.00168
G1 X91.842 Y99.397 F9000
G1 F1500
G1 X93 Y99.271 E.03876
G1 X127.421 Y99.299 E1.14523
G1 X128.198 Y99.401 E.02606
G1 X129.012 Y99.619 E.02804
G1 X129.736 Y99.919 E.02606
G1 X130.465 Y100.341 E.02804
G1 X131.087 Y100.817 E.02606
G1 X131.683 Y101.413 E.02804
G1 X132.159 Y102.035 E.02606
G1 X132.581 Y102.765 E.02804
G1 X132.881 Y103.488 E.02606
G1 X133.099 Y104.302 E.02804
G1 X133.201 Y105.079 E.02606
G1 X133.229 Y114.5 E.31346
G1 X133.099 Y115.698 E.04009
G1 X132.881 Y116.512 E.02804
G1 X132.581 Y117.236 E.02606
G1 X132.159 Y117.965 E.02804
G1 X131.683 Y118.587 E.02606
G1 X131.087 Y119.183 E.02804
G1 X130.465 Y119.659 E.02606
G1 X129.736 Y120.081 E.02804
G1 X129.012 Y120.381 E.02606
G1 X128.198 Y120.599 E.02804
G1 X127 Y120.729 E.04009
G1 X92.579 Y120.701 E1.14523
G1 X91.802 Y120.599 E.02606
G1 X90.988 Y120.381 E.02804
G1 X90.265 Y120.081 E.02606
G1 X89.535 Y119.659 E.02804
G1 X88.913 Y119.183 E.02606
G1 X88.317 Y118.587 E.02804
G1 X87.841 Y117.965 E.02606
G1 X87.419 Y117.236 E.02804
G1 X87.119 Y116.512 E.02606
G1 X86.901 Y115.698 E.02804
G1 X86.771 Y114.5 E.04009
G1 X86.771 Y105.5 E.29944
G1 X86.901 Y104.302 E.04009
G1 X87.119 Y103.488 E.02804
G1 X87.419 Y102.764 E.02606
G1 X87.841 Y102.035 E.02804
G1 X88.317 Y101.413 E.02606
G1 X88.913 Y100.817 E.02804
G1 X89.535 Y100.341 E.02606
G1 X90.264 Y99.919 E.02804
G1 X90.988 Y99.619 E.02606
G1 X91.802 Y99.401 E.02804
; printing object retraction_tower.drc id:4656983854234333253 copy 0
G1 E-.35 F1800
;WIPE_START
G1 F1500
G1 X92.796 Y99.294 E-.15
;WIPE_END
G1 X128.806 Y104.457 F9000
G1 E.5 F2400
;TYPE:Inner wall
G1 F1200
G1 X129.014 Y104.96 E.01811
G1 X129.093 Y105.559 E.02011
G1 X129.093 Y114.441 E.29548
G1 X129.014 Y115.04 E.02011
G1 X128.806 Y115.543 E.01811
G1 X128.474 Y115.974 E.01811
G1 X128.043 Y116.306 E.01811
G1 X127.54 Y116.514 E.01811
G1 X126.941 Y116.593 E.02011
G1 X93.059 Y116.593 E1.12725
G1 X92.46 Y116.514 E.02011
G1 X91.957 Y116.306 E.01811
G1 X91.526 Y115.974 E.01811
G1 X91.194 Y115.543 E.01811
G1 X90.986 Y115.04 E.01811
G1 X90.907 Y114.441 E.0201
G1 X90.907 Y105.559 E.29548
G1 X90.986 Y104.96 E.0201
G1 X91.194 Y104.457 E.01811
G1 X91.526 Y104.026 E.01811
G1 X91.957 Y103.694 E.01811
G1 X92.46 Y103.486 E.01811
G1 X93.059 Y103.407 E.0201
G1 X126.941 Y103.407 E1.12725
G1 X127.076 Y103.425 E.00454
G1 X127.54 Y103.486 E.01557
G1 X128.043 Y103.694 E.01811
G1 X128.474 Y104.026 E.01811
G1 X128.781 Y104.426 E.01678
G1 X128.805 Y104.244 F9000
;TYPE:Outer wall
G1 F1200
G1 X129.205 Y104.227
G1 X129.459 Y104.841 E.02211
G1 X129.55 Y105.529 E.0231
G1 X129.55 Y114.471 E.29747
G1 X129.459 Y115.159 E.0231
G1 X129.205 Y115.773 E.02211
G1 X128.8 Y116.3 E.02211
G1 X128.273 Y116.705 E.02211
G1 X127.659 Y116.959 E.02211
G1 X126.971 Y117.05 E.0231
G1 X93.029 Y117.05 E1.12924
G1 X92.341 Y116.959 E.0231
G1 X91.727 Y116.705 E.02211
G1 X91.2 Y116.3 E.02211
G1 X90.795 Y115.773 E.02211
G1 X90.541 Y115.159 E.02211
G1 X90.45 Y114.471 E.0231
G1 X90.45 Y105.529 E.29747
G1 X90.541 Y104.841 E.0231
G1 X90.795 Y104.227 E.02211
G1 X91.2 Y103.7 E.02211
G1 X91.727 Y103.295 E.02211
G1 X92.341 Y103.041 E.02211
G1 X93.029 Y102.95 E.0231
G1 X126.971 Y102.95 E1.12924
G1 X127.135 Y102.972 E.00553
G1 X127.659 Y103.041 E.01757
G1 X128.273 Y103.295 E.02211
G1 X128.8 Y103.7 E.02211
G1 X129.181 Y104.195 E.02078
G1 X129.165 Y104.296
G1 E-.35 F1800
;WIPE_START
G1 F1200
G1 X129.459 Y104.841 E-.10551
G1 X129.498 Y105.135 E-.04449
;WIPE_END
G1 X92.174 Y103.753 F9000
G1 E.5 F2400
;TYPE:Bottom surface
;WIDTH:0.50568
G1 F3000
G1 X126.94 Y103.753 E1.17105
G1 X127.45 Y103.82 E.01733
G1 X127.87 Y103.994 E.01529
G1 X128.159 Y104.216 E.01228
G1 X91.841 Y104.216 E1.22333
G1 X91.77 Y104.27 E.00302
G1 X91.494 Y104.63 E.01529
G1 X91.474 Y104.678 E.00175
G1 X128.526 Y104.678 E1.24808
G1 X128.68 Y105.05 E.01355
G1 X128.692 Y105.141 E.0031
G1 X91.308 Y105.141 E1.25926
G1 X91.25 Y105.604 E.01571
G1 X128.75 Y105.604 E1.26317
G1 X128.75 Y106.067 E.01559
G1 X91.25 Y106.067 E1.26317
G1 X91.25 Y106.529 E.01559
G1 X128.75 Y106.529 E1.26317
G1 X128.75 Y106.992 E.01559
G1 X91.25 Y106.992 E1.26317
G1 X91.25 Y107.455 E.01559
G1 X128.75 Y107.455 E1.26317
G1 X128.75 Y107.918 E.01559
G1 X91.25 Y107.918 E1.26317
G1 X91.25 Y108.38 E.01559
G1 X128.75 Y108.38 E1.26317
G1 X128.75 Y108.843 E.01559
G1 X91.25 Y108.843 E1.26317
G1 X91.25 Y109.306 E.01559
G1 X128.75 Y109.306 E1.26317
G1 X128.75 Y109.769 E.01559
G1 X91.25 Y109.769 E1.26317
G1 X91.25 Y110.231 E.01559
G1 X128.75 Y110.231 E1.26317
G1 X128.75 Y110.694 E.01559
G1 X91.25 Y110.694 E1.26317
G1 X91.25 Y111.157 E.01559
G1 X128.75 Y111.157 E1.26317
G1 X128.75 Y111.62 E.01559
G1 X91.25 Y111.62 E1.26317
G1 X91.25 Y112.082 E.01559
G1 X128.75 Y112.082 E1.26317
G1 X128.75 Y112.545 E.01559
G1 X91.25 Y112.545 E1.26317
G1 X91.25 Y113.008 E.01559
G1 X128.75 Y113.008 E1.26317
G1 X128.75 Y113.471 E.01559
G1 X91.25 Y113.471 E1.26317
G1 X91.25 Y113.933 E.01559
G1 X128.75 Y113.934 E1.26317
G1 X128.75 Y114.396 E.01559
G1 X91.25 Y114.396 E1.26317
G1 X91.308 Y114.859 E.01571
G1 X128.692 Y114.859 E1.25925
G1 X128.68 Y114.95 E.0031
G1 X128.526 Y115.322 E.01355
G1 X91.474 Y115.322 E1.24808
G1 X91.494 Y115.37 E.00175
G1 X91.77 Y115.73 E.01529
G1 X91.841 Y115.785 E.00302
G1 X128.159 Y115.785 E1.22332
G1 X127.87 Y116.006 E.01227
G1 X127.45 Y116.18 E.01529
G1 X126.939 Y116.247 E.01735
G1 X92.175 Y116.247 E1.17102
; stop printing object retraction_tower.drc id:4656983854234333253 copy 0
;LAYER_CHANGE
;Z:0.4
;HEIGHT:0.2
G92 E0 ; zero the extruded length again
; BEFORE_LAYER_CHANGE 1 @ 0.4mm
G1 E-.35 F1800
;WIPE_START
G1 F3000
G1 X93.175 Y116.247 E-.15
;WIPE_END
; AFTER_LAYER_CHANGE 1 @ 0.4mm
;_SET_FAN_SPEED_CHANGING_LAYER
; Calib_Retraction_tower: Z_HEIGHT: 0.4, length:0.5
M204 P1500
M104 S235 ; set nozzle temperature
; printing object retraction_tower.drc id:4656983854234333253 copy 0
G1 X95.031 Y112.913 Z.6 F9000
G1 X96.675 Y109.962 Z.6
G1 Z.4
G1 E.5 F2400
;TYPE:Inner wall
;WIDTH:0.45
G1 F2700
G1 X96.628 Y110.08 E.00377
G3 X96.524 Y110.66 I-8.479 J-1.221 E.01748
G3 X92.177 Y111.32 I-2.324 J-.664 E.16357
G1 X91.493 Y110.041 E.04298
G1 X92.149 Y108.721 E.04369
G3 X94.495 Y107.602 I2.079 J1.341 E.08108
G1 X94.508 Y107.603 E.0004
G3 X96.537 Y109.426 I-.338 J2.417 E.08576
G1 X96.665 Y109.923 E.01519
G1 E-.35 F1800
;WIPE_START
G1 F2700
G1 X96.628 Y110.08 E-.02417
G1 X96.524 Y110.66 E-.08846
G1 X96.435 Y110.893 E-.03737
;WIPE_END
G1 X100.234 Y110.532 Z.6 F9000
G1 X127.106 Y107.978 Z.6
G1 Z.4
G1 E.5 F2400
G1 F2700
G1 X127.229 Y108.051 E.00423
G3 X127.858 Y108.734 I-1.427 J1.946 E.02767
G1 X128.507 Y110.041 E.04326
G1 X127.823 Y111.32 E.04298
G3 X123.467 Y110.62 I-2.019 J-1.334 E.16444
G1 X123.372 Y110.08 E.01625
G1 X123.325 Y109.962 E.00376
G2 X123.492 Y109.286 I-7.106 J-2.117 E.02064
G3 X125.964 Y107.59 I2.308 J.715 E.0958
G3 X126.836 Y107.817 I-.162 J2.408 E.02686
G1 X127.072 Y107.957 E.00814
G1 E-.35 F1800
;WIPE_START
G1 F2700
G1 X127.229 Y108.051 E-.02744
G1 X127.572 Y108.356 E-.06886
G1 X127.788 Y108.642 E-.0537
;WIPE_END
G1 X129.076 Y105.049 Z.6 F9000
G1 X129.415 Y104.106 Z.6
G1 Z.4
G1 E.5 F2400
M204 P800
;TYPE:Outer wall
;WIDTH:0.42
G1 F1800
G1 X129.693 Y104.778 E.01998
G1 X129.79 Y105.514 E.02036
G1 X129.79 Y114.486 E.24627
G1 X129.693 Y115.222 E.02036
G1 X129.415 Y115.894 E.01998
G1 X128.972 Y116.472 E.01998
G1 X128.394 Y116.915 E.01998
G1 X127.722 Y117.193 E.01998
G1 X126.986 Y117.29 E.02036
G1 X93.014 Y117.29 E.93246
G1 X92.278 Y117.193 E.02036
G1 X91.606 Y116.915 E.01998
G1 X91.028 Y116.472 E.01998
G1 X90.585 Y115.894 E.01998
G1 X90.307 Y115.222 E.01998
G1 X90.21 Y114.486 E.02036
G1 X90.21 Y105.514 E.24627
G1 X90.307 Y104.778 E.02036
G1 X90.585 Y104.106 E.01998
G1 X91.028 Y103.528 E.01998
G1 X91.606 Y103.085 E.01998
G1 X92.278 Y102.807 E.01998
G1 X93.014 Y102.71 E.02036
G1 X126.986 Y102.71 E.93246
G1 X127.555 Y102.785 E.01574
G1 X127.722 Y102.807 E.00462
G1 X128.394 Y103.085 E.01998
G1 X128.972 Y103.528 E.01998
G1 X129.39 Y104.074 E.01888
G1 X129.375 Y104.175
G1 E-.35
;WIPE_START
G1 X129.693 Y104.778 E-.11498
G1 X129.724 Y105.01 E-.03502
;WIPE_END
G1 X129.51 Y108.061 Z.6 F9000
G1 Z.4
G1 E.5 F2400
M204 P1500
;TYPE:Internal solid infill
;WIDTH:0.421756
G1 F3600
G1 X129.51 Y105.525 E.06993
G1 X129.421 Y104.851 E.01874
G1 X129.171 Y104.247 E.01804
G1 X129.131 Y104.195 E.0018
G1 X129.131 Y107.891 E.10192
G1 X128.752 Y107.891 E.01045
G1 X128.752 Y103.712 E.11524
G1 X128.374 Y103.421 E.01317
G1 X128.374 Y107.891 E.12326
G1 X127.995 Y107.891 E.01045
G1 X127.995 Y103.222 E.12875
G1 X127.616 Y103.074 E.01121
G1 X127.616 Y107.891 E.13282
G1 X127.492 Y107.891 E.0034
G2 X127.237 Y107.713 I-.658 J.672 E.00862
G1 X127.237 Y103.024 E.12929
G2 X126.858 Y102.989 I-.324 J1.421 E.01052
G1 X126.858 Y107.512 E.12473
G1 X126.479 Y107.377 E.0111
G1 X126.479 Y102.989 E.12099
G1 X126.1 Y102.989 E.01045
G1 X126.1 Y107.314 E.11926
G2 X125.722 Y107.302 I-.222 J1.063 E.01051
G1 X125.722 Y102.989 E.11894
G1 X125.343 Y102.989 E.01045
G1 X125.343 Y107.336 E.11986
G1 X124.964 Y107.423 E.01072
G1 X124.964 Y102.989 E.12227
G1 X124.585 Y102.989 E.01045
G1 X124.585 Y107.586 E.12677
G2 X124.206 Y107.821 I.421 J1.103 E.01236
G1 X124.206 Y102.989 E.13324
G1 X123.827 Y102.989 E.01045
G1 X123.827 Y108.157 E.1425
G1 X123.692 Y108.295 E.00535
G1 X123.449 Y108.662 E.01214
G1 X123.449 Y102.989 E.15644
G1 X123.07 Y102.989 E.01045
G1 X123.07 Y117.011 E.38666
G1 X122.691 Y117.011 E.01045
G1 X122.691 Y102.989 E.38666
G1 X122.312 Y102.989 E.01045
G1 X122.312 Y117.011 E.38666
G1 X121.933 Y117.011 E.01045
G1 X121.933 Y102.989 E.38666
G1 X121.554 Y102.989 E.01045
G1 X121.554 Y117.011 E.38666
G1 X121.176 Y117.011 E.01045
G1 X121.176 Y102.989 E.38666
G1 X120.797 Y102.989 E.01045
G1 X120.797 Y117.011 E.38666
G1 X120.418 Y117.011 E.01045
G1 X120.418 Y102.989 E.38666
G1 X120.039 Y102.989 E.01045
G1 X120.039 Y117.011 E.38666
G1 X119.66 Y117.011 E.01045
G1 X119.66 Y102.989 E.38666
G1 X119.281 Y102.989 E.01045
G1 X119.281 Y117.011 E.38666
G1 X118.903 Y117.011 E.01045
G1 X118.903 Y102.989 E.38666
G1 X118.524 Y102.989 E.01045
G1 X118.524 Y117.011 E.38666
G1 X118.145 Y117.011 E.01045
G1 X118.145 Y102.989 E.38666
G1 X117.766 Y102.989 E.01045
G1 X117.766 Y117.011 E.38666
G1 X117.387 Y117.011 E.01045
G1 X117.387 Y102.989 E.38666
G1 X117.008 Y102.989 E.01045
G1 X117.008 Y117.011 E.38666
G1 X116.63 Y117.011 E.01045
G1 X116.63 Y102.989 E.38666
G1 X116.251 Y102.989 E.01045
G1 X116.251 Y117.011 E.38666
G1 X115.872 Y117.011 E.01045
G1 X115.872 Y102.989 E.38666
G1 X115.493 Y102.989 E.01045
G1 X115.493 Y117.011 E.38666
G1 X115.114 Y117.011 E.01045
G1 X115.114 Y102.989 E.38666
G1 X114.735 Y102.989 E.01045
G1 X114.735 Y117.011 E.38666
G1 X114.357 Y117.011 E.01045
G1 X114.357 Y102.989 E.38666
G1 X113.978 Y102.989 E.01045
G1 X113.978 Y117.011 E.38666
G1 X113.599 Y117.011 E.01045
G1 X113.599 Y102.989 E.38666
G1 X113.22 Y102.989 E.01045
G1 X113.22 Y117.011 E.38666
G1 X112.841 Y117.011 E.01045
G1 X112.841 Y102.989 E.38666
G1 X112.462 Y102.989 E.01045
G1 X112.462 Y117.011 E.38666
G1 X112.084 Y117.011 E.01045
G1 X112.084 Y102.989 E.38666
G1 X111.705 Y102.989 E.01045
G1 X111.705 Y117.011 E.38666
G1 X111.326 Y117.011 E.01045
G1 X111.326 Y102.989 E.38666
G1 X110.947 Y102.989 E.01045
G1 X110.947 Y117.011 E.38666
G1 X110.568 Y117.011 E.01045
G1 X110.568 Y102.989 E.38666
G1 X110.189 Y102.989 E.01045
G1 X110.189 Y117.011 E.38666
G1 X109.811 Y117.011 E.01045
G1 X109.811 Y102.989 E.38666
G1 X109.432 Y102.989 E.01045
G1 X109.432 Y117.011 E.38666
G1 X109.053 Y117.011 E.01045
G1 X109.053 Y102.989 E.38666
G1 X108.674 Y102.989 E.01045
G1 X108.674 Y117.011 E.38666
G1 X108.295 Y117.011 E.01045
G1 X108.295 Y102.989 E.38666
G1 X107.916 Y102.989 E.01045
G1 X107.916 Y117.011 E.38666
G1 X107.538 Y117.011 E.01045
G1 X107.538 Y102.989 E.38666
G1 X107.159 Y102.989 E.01045
G1 X107.159 Y117.011 E.38666
G1 X106.78 Y117.011 E.01045
G1 X106.78 Y102.989 E.38666
G1 X106.401 Y102.989 E.01045
G1 X106.401 Y117.011 E.38666
G1 X106.022 Y117.011 E.01045
G1 X106.022 Y102.989 E.38666
G1 X105.643 Y102.989 E.01045
G1 X105.643 Y117.011 E.38666
G1 X105.265 Y117.011 E.01045
G1 X105.265 Y102.989 E.38666
G1 X104.886 Y102.989 E.01045
G1 X104.886 Y117.011 E.38666
G1 X104.507 Y117.011 E.01045
G1 X104.507 Y102.989 E.38666
G1 X104.128 Y102.989 E.01045
G1 X104.128 Y117.011 E.38666
G1 X103.749 Y117.011 E.01045
G1 X103.749 Y102.989 E.38666
G1 X103.37 Y102.989 E.01045
G1 X103.37 Y117.011 E.38666
G1 X102.992 Y117.011 E.01045
G1 X102.992 Y102.989 E.38666
G1 X102.613 Y102.989 E.01045
G1 X102.613 Y117.011 E.38666
G1 X102.234 Y117.011 E.01045
G1 X102.234 Y102.989 E.38666
G1 X101.855 Y102.989 E.01045
G1 X101.855 Y117.011 E.38666
G1 X101.476 Y117.011 E.01045
G1 X101.476 Y102.989 E.38666
G1 X101.097 Y102.989 E.01045
G1 X101.097 Y117.011 E.38666
G1 X100.718 Y117.011 E.01045
G1 X100.718 Y102.989 E.38666
G1 X100.34 Y102.989 E.01045
G1 X100.34 Y117.011 E.38666
G1 X99.961 Y117.011 E.01045
G1 X99.961 Y102.989 E.38666
G1 X99.582 Y102.989 E.01045
G1 X99.582 Y117.011 E.38666
G1 X99.203 Y117.011 E.01045
G1 X99.203 Y102.989 E.38666
G1 X98.824 Y102.989 E.01045
G1 X98.824 Y117.011 E.38666
G1 X98.445 Y117.011 E.01045
G1 X98.445 Y102.989 E.38666
G1 X98.067 Y102.989 E.01045
G1 X98.067 Y117.011 E.38666
G1 X97.688 Y117.011 E.01045
G1 X97.688 Y102.989 E.38666
G1 X97.309 Y102.989 E.01045
G1 X97.309 Y117.011 E.38666
G1 X96.93 Y117.011 E.01045
G1 X96.93 Y102.989 E.38666
G1 X96.551 Y102.989 E.01045
G1 X96.551 Y108.662 E.15644
G1 X96.308 Y108.295 E.01214
G1 X96.172 Y108.157 E.00535
G1 X96.172 Y102.989 E.1425
G1 X95.794 Y102.989 E.01045
G1 X95.794 Y107.821 E.13323
G2 X95.415 Y107.586 I-.8 J.868 E.01236
G1 X95.415 Y102.989 E.12677
G1 X95.036 Y102.989 E.01045
G1 X95.036 Y107.423 E.12227
G1 X94.657 Y107.336 E.01072
G1 X94.657 Y102.989 E.11986
G1 X94.278 Y102.989 E.01045
G1 X94.278 Y107.301 E.11891
G2 X93.899 Y107.316 I-.151 J1.013 E.01051
G1 X93.899 Y102.989 E.11931
G1 X93.521 Y102.989 E.01045
G1 X93.521 Y107.377 E.12099
G1 X93.142 Y107.512 E.0111
G1 X93.142 Y102.989 E.12473
G2 X92.763 Y103.024 I-.055 J1.457 E.01052
G1 X92.763 Y107.713 E.12929
G2 X92.508 Y107.891 I.402 J.85 E.00862
G1 X92.384 Y107.891 E.00341
G1 X92.384 Y103.074 E.13282
G1 X92.005 Y103.222 E.01121
G1 X92.005 Y107.891 E.12875
G1 X91.626 Y107.891 E.01045
G1 X91.626 Y103.421 E.12325
G1 X91.248 Y103.712 E.01317
G1 X91.248 Y107.891 E.11524
G1 X90.869 Y107.891 E.01045
G1 X90.869 Y104.195 E.10192
G1 X90.829 Y104.247 E.0018
G1 X90.579 Y104.851 E.01805
G1 X90.49 Y105.525 E.01875
G1 X90.49 Y108.061 E.06991
G1 E-.35 F1800
;WIPE_START
G1 F3600
G1 X90.49 Y107.061 E-.15
;WIPE_END
G1 X91.432 Y108.45 Z.6 F9000
G1 Z.4
G1 E.5 F2400
;WIDTH:0.406271
G1 F3600
G1 X90.957 Y108.45 E.01255
G1 X90.957 Y109.406 E.02529
G1 X91.414 Y108.486 E.02718
G1 E-.35 F1800
;WIPE_START
G1 F3600
G1 X90.97 Y109.381 E-.15
;WIPE_END
G1 X91.79 Y112.166 Z.6 F9000
G1 Z.4
G1 E.5 F2400
;WIDTH:0.542848
G1 F3600
G1 X91.45 Y111.722 E.02036
G1 X91.026 Y110.929 E.03273
G1 X91.026 Y112.166 E.04503
G1 X91.75 Y112.166 E.02637
G1 E-.35 F1800
;WIPE_START
G1 F3600
G1 X91.026 Y112.166 E-.10868
G1 X91.026 Y111.891 E-.04132
;WIPE_END
G1 X93.164 Y112.605 Z.6 F9000
G1 Z.4
G1 E.5 F2400
;WIDTH:0.426841
G1 F3600
G1 X92.629 Y112.327 E.01685
G1 X92.198 Y111.968 E.01568
G1 X91.844 Y111.528 E.01578
G1 X91.081 Y110.143 E.04419
G1 X91.043 Y110.033 E.00326
G2 X91.811 Y108.525 I-221.476 J-113.794 E.04727
G1 X92.156 Y108.08 E.01575
G1 X90.587 Y108.08 E.04385
G3 X90.587 Y111.828 I-175.773 J1.874 E.10476
G1 X90.587 Y112.605 E.0217
G1 X93.124 Y112.605 E.0709
G1 X93.642 Y112.677 F9000
;WIDTH:0.38292
G1 F3600
G1 X94.58 Y112.689 E.02323
G1 E-.35 F1800
;WIPE_START
G1 F3600
G1 X93.642 Y112.677 E-.15
;WIPE_END
G1 X95.464 Y111.533 Z.6 F9000
G1 Z.4
G1 E.5 F2400
;WIDTH:0.473609
G1 F3600
G3 X92.927 Y111.527 I-.487 J-341.293 E.07955
G1 X93.399 Y111.83 E.0176
G2 X94.147 Y111.984 I.713 J-1.571 E.02412
G2 X95.432 Y111.557 I.089 J-1.879 E.04344
G1 E-.35 F1800
;WIPE_START
G1 F3600
G1 X95.217 Y111.713 E-.03997
G1 X94.911 Y111.86 E-.05081
G1 X94.546 Y111.96 E-.05676
G1 X94.53 Y111.961 E-.00246
;WIPE_END
G1 X96.321 Y110.734 Z.6 F9000
G1 Z.4
G1 E.5 F2400
;WIDTH:0.448554
G1 F3600
G1 X96.321 Y109.916 E.02415
G2 X96.036 Y109.02 I-3.054 J.476 E.02786
G1 X95.915 Y108.837 E.00648
G1 X95.915 Y111.166 E.06875
G3 X95.802 Y111.316 I-.434 J-.209 E.00556
G1 X95.509 Y111.316 E.00866
G1 X95.509 Y108.387 E.08648
G1 X95.218 Y108.185 E.01047
G1 X95.104 Y108.134 E.00368
G1 X95.104 Y111.316 E.09393
G1 X94.698 Y111.316 E.01198
G1 X94.698 Y107.99 E.0982
G2 X94.292 Y107.929 I-.361 J1.029 E.01218
G1 X94.292 Y111.316 E.09999
G1 X93.887 Y111.316 E.01198
G1 X93.887 Y107.952 E.09931
G2 X93.481 Y108.057 I.07 J1.107 E.01245
G1 X93.481 Y111.316 E.09621
G1 X93.075 Y111.316 E.01198
G1 X93.075 Y108.259 E.09025
G1 X92.959 Y108.329 E.00403
G1 X92.67 Y108.589 E.01146
G1 X92.67 Y111.316 E.08051
G1 X92.6 Y111.316 E.00206
G3 X92.264 Y110.777 I1.289 J-1.177 E.01886
G1 X92.264 Y108.857 E.05666
G1 E-.35 F1800
;WIPE_START
G1 F3600
G1 X92.264 Y109.857 E-.15
;WIPE_END
G1 X90.49 Y112.623 Z.6 F9000
G1 Z.4
G1 E.5 F2400
;WIDTH:0.421756
G1 F3600
G1 X90.49 Y114.475 E.05105
G1 X90.579 Y115.149 E.01875
G1 X90.829 Y115.753 E.01805
G1 X90.869 Y115.805 E.0018
G1 X90.869 Y112.793 E.08306
G1 X91.248 Y112.793 E.01045
G1 X91.248 Y116.288 E.09637
G1 X91.626 Y116.579 E.01317
G1 X91.626 Y112.793 E.10439
G1 X92.005 Y112.793 E.01045
G1 X92.005 Y116.778 E.10989
G1 X92.384 Y116.926 E.01121
G1 X92.384 Y112.793 E.11396
G1 X92.763 Y112.793 E.01045
G1 X92.763 Y116.976 E.11533
G2 X93.142 Y117.011 I.324 J-1.421 E.01052
G1 X93.142 Y112.793 E.11631
G1 X93.521 Y112.793 E.01045
G1 X93.521 Y117.011 E.11631
G1 X93.899 Y117.011 E.01045
G1 X93.899 Y112.793 E.11631
G1 X94.278 Y112.793 E.01045
G1 X94.278 Y117.011 E.11631
G1 X94.657 Y117.011 E.01045
G1 X94.657 Y112.793 E.11631
G1 X94.724 Y112.793 E.00184
G1 X94.724 Y112.653 E.00385
G1 X95.036 Y112.573 E.00889
G1 X95.036 Y117.011 E.12239
G1 X95.415 Y117.011 E.01045
G1 X95.415 Y112.413 E.1268
G2 X95.794 Y112.179 I-.537 J-1.294 E.01233
G1 X95.794 Y117.011 E.13325
G1 X96.172 Y117.011 E.01045
G1 X96.172 Y111.84 E.14259
G2 X96.551 Y111.332 I-1.149 J-1.252 E.01757
G1 X96.551 Y117.181 E.16127
G1 E-.35 F1800
;WIPE_START
G1 F3600
G1 X96.551 Y116.181 E-.15
;WIPE_END
G1 X100.297 Y115.45 Z.6 F9000
G1 X123.449 Y110.937 Z.6
G1 Z.4
G1 E.5 F2400
G1 F3600
G1 X123.449 Y117.011 E.1675
G1 X123.827 Y117.011 E.01045
G1 X123.827 Y111.84 E.14259
G2 X124.206 Y112.179 I1.055 J-.798 E.0141
G1 X124.206 Y117.011 E.13325
G1 X124.585 Y117.011 E.01045
G1 X124.585 Y112.413 E.1268
G2 X124.964 Y112.573 I.72 J-1.178 E.01138
G1 X124.964 Y117.011 E.12239
G1 X125.343 Y117.011 E.01045
G1 X125.343 Y112.793 E.11631
G1 X125.722 Y112.793 E.01045
G1 X125.722 Y117.011 E.11631
G1 X126.1 Y117.011 E.01045
G1 X126.1 Y112.793 E.11631
G1 X126.479 Y112.793 E.01045
G1 X126.479 Y117.011 E.11631
G1 X126.858 Y117.011 E.01045
G1 X126.858 Y112.793 E.11631
G1 X127.237 Y112.793 E.01045
G1 X127.237 Y116.976 E.11533
G1 X127.616 Y116.926 E.01054
G1 X127.616 Y112.793 E.11396
G1 X127.995 Y112.793 E.01045
G1 X127.995 Y116.778 E.10989
G2 X128.374 Y116.579 I-.183 J-.807 E.01194
G1 X128.374 Y112.793 E.10439
G1 X128.752 Y112.793 E.01045
G1 X128.752 Y116.288 E.09637
G1 X129.131 Y115.805 E.01692
G1 X129.131 Y112.793 E.08306
G1 X129.51 Y112.793 E.01045
G1 X129.51 Y115.378 E.07128
G1 E-.35 F1800
;WIPE_START
G1 F3600
G1 X129.51 Y114.378 E-.15
;WIPE_END
G1 X127.736 Y111.128 Z.6 F9000
G1 Z.4
G1 E.5 F2400
;WIDTH:0.448544
G1 F3600
G1 X127.736 Y109.237 E.05584
G2 X127.33 Y108.589 I-1.907 J.743 E.0227
G1 X127.33 Y111.317 E.08055
G1 X126.924 Y111.317 E.01198
G1 X126.924 Y108.257 E.09034
G2 X126.519 Y108.057 I-.713 J.932 E.01344
G1 X126.519 Y111.317 E.09625
G1 X126.113 Y111.317 E.01198
G1 X126.113 Y107.951 E.09938
G2 X125.708 Y107.931 I-.254 J1.046 E.01206
G1 X125.708 Y111.317 E.09997
G1 X125.302 Y111.317 E.01198
G1 X125.302 Y107.989 E.09827
G2 X124.896 Y108.134 I.176 J1.128 E.0128
G1 X124.896 Y111.317 E.09397
G1 X124.491 Y111.317 E.01198
G1 X124.491 Y108.387 E.08652
G1 X124.182 Y108.691 E.01281
G1 X124.085 Y108.838 E.00518
G1 X124.085 Y111.166 E.06874
G3 X123.798 Y110.57 I1.47 J-1.074 E.01962
G1 X123.679 Y109.951 E.01862
G1 X123.679 Y109.262 E.02035
G1 E-.35 F1800
;WIPE_START
G1 F3600
G1 X123.679 Y109.951 E-.1034
G1 X123.738 Y110.256 E-.0466
;WIPE_END
G1 X124.537 Y111.534 Z.6 F9000
G1 Z.4
G1 E.5 F2400
;WIDTH:0.472222
G1 F3600
G2 X126.601 Y111.831 I1.284 J-1.604 E.06834
G1 X127.073 Y111.528 E.01751
G2 X124.577 Y111.534 I-.43 J350.738 E.078
G1 E-.35 F1800
;WIPE_START
G1 F3600
G1 X125.577 Y111.532 E-.15
;WIPE_END
G1 X128.234 Y108.793 Z.6 F9000
G1 X128.567 Y108.45 Z.6
G1 Z.4
G1 E.5 F2400
;WIDTH:0.40687
G1 F3600
G1 X129.042 Y109.406 E.02829
G1 X129.042 Y108.45 E.02532
G1 X128.607 Y108.45 E.01155
G1 E-.35 F1800
;WIPE_START
G1 F3600
G1 X129.042 Y108.45 E-.06538
G1 X129.042 Y109.014 E-.08462
;WIPE_END
G1 X128.21 Y112.166 Z.6 F9000
G1 Z.4
G1 E.5 F2400
;WIDTH:0.54285
G1 F3600
G1 X128.974 Y112.166 E.02782
G1 X128.974 Y110.929 E.04503
G1 X128.517 Y111.776 E.03505
G1 X128.235 Y112.135 E.0166
G1 E-.35 F1800
;WIPE_START
G1 F3600
G1 X128.517 Y111.776 E-.06844
G1 X128.775 Y111.298 E-.08156
;WIPE_END
G1 X126.819 Y112.605 Z.6 F9000
G1 Z.4
G1 E.5 F2400
;WIDTH:0.428848
G1 F3600
G1 X129.413 Y112.605 E.07287
G3 X129.413 Y108.632 I199.31 J-1.986 E.11159
G1 X129.413 Y108.08 E.01552
G1 X127.849 Y108.08 E.04392
G1 X128.171 Y108.494 E.01473
G1 X128.917 Y109.955 E.04608
G1 X128.951 Y110.084 E.00376
G1 X128.163 Y111.515 E.04588
G1 X127.828 Y111.941 E.01523
G1 X127.402 Y112.306 E.01576
G1 X126.947 Y112.56 E.01464
G1 X126.857 Y112.591 E.00269
G1 E-.35 F1800
;WIPE_START
G1 F3600
G1 X126.947 Y112.56 E-.01437
G1 X127.402 Y112.306 E-.07815
G1 X127.693 Y112.057 E-.05747
;WIPE_END
G1 X125.387 Y112.682 Z.6 F9000
G1 Z.4
G1 E.5 F2400
;WIDTH:0.38292
G1 F3600
G2 X126.385 Y112.673 I.459 J-4.415 E.02473
; stop printing object retraction_tower.drc id:4656983854234333253 copy 0
;LAYER_CHANGE
;Z:0.6
;HEIGHT:0.2
G92 E0 ; zero the extruded length again
; BEFORE_LAYER_CHANGE 2 @ 0.6mm
G1 E-.35 F1800
;WIPE_START
G1 F3600
G1 X125.909 Y112.705 E-.07161
G1 X125.387 Y112.682 E-.07839
;WIPE_END
; AFTER_LAYER_CHANGE 2 @ 0.6mm
;_SET_FAN_SPEED_CHANGING_LAYER
; Calib_Retraction_tower: Z_HEIGHT: 0.6, length:0.5
; printing object retraction_tower.drc id:4656983854234333253 copy 0
G1 X123.364 Y110.003 Z.8 F9000
G1 Z.6
G1 E.5 F2400
;TYPE:Inner wall
;WIDTH:0.45
G1 F1200
G1 X123.512 Y109.292 E.02154
G3 X126.388 Y107.678 I2.288 J.709 E.10778
G3 X123.488 Y110.616 I-.592 J2.316 E.29747
G1 X123.392 Y110.074 E.0163
G1 X123.379 Y110.041 E.00106
M204 T800
G1 X123.31 Y110.125 F9000
M204 P800
;TYPE:Outer wall
;WIDTH:0.42
G1 F1200
G1 X122.935 Y109.986
G1 X122.957 Y109.899 E.00246
G1 X122.984 Y109.903 E.00074
G1 X123.136 Y109.175 E.0204
G1 X123.339 Y108.687 E.01452
G1 X123.631 Y108.246 E.01452
G1 X124.001 Y107.868 E.01452
G1 X124.436 Y107.567 E.01452
G1 X124.92 Y107.354 E.01451
G1 X125.435 Y107.235 E.01451
G1 X126.016 Y107.222 E.01594
G1 X126.486 Y107.297 E.01306
G1 X126.988 Y107.476 E.01464
G3 X127.801 Y111.942 I-1.214 J2.528 E.14516
G1 X127.376 Y112.301 E.01526
G3 X123.103 Y110.691 I-1.571 J-2.307 E.14681
G1 X123.013 Y110.182 E.01419
G1 X122.95 Y110.023 E.00468
G1 X122.951 Y109.979
M204 T2000
G1 E-.35 F1800
;WIPE_START
G1 X122.957 Y109.899 E-.01862
G1 X122.984 Y109.903 E-.00407
G1 X123.136 Y109.175 E-.11148
G1 X123.176 Y109.078 E-.01584
;WIPE_END
G1 X124.338 Y111.682 Z.8 F9000
G1 Z.6
G1 E.5 F2400
M204 P1500
;TYPE:Internal solid infill
;WIDTH:0.419999
G1 F1200
G1 X126.984 Y111.682 E.07262
G1 X127.28 Y111.433 E.01063
G1 X127.382 Y111.305 E.00448
G1 X124.216 Y111.305 E.0869
G1 X124.15 Y111.234 E.00267
G1 X123.961 Y110.928 E.00986
G1 X127.631 Y110.928 E.10073
G2 X127.776 Y110.551 I-.923 J-.571 E.01115
G1 X123.816 Y110.551 E.1087
G1 X123.748 Y110.174 E.01051
G1 X127.843 Y110.174 E.1124
G2 X127.842 Y109.797 I-.983 J-.186 E.01041
G1 X123.747 Y109.797 E.11241
G1 X123.826 Y109.42 E.01057
G1 X127.769 Y109.42 E.10823
G2 X127.616 Y109.043 I-1.055 J.208 E.01124
G1 X123.977 Y109.043 E.09988
G1 X124.236 Y108.666 E.01255
G1 X127.577 Y108.666 E.0917
G1 E-.35 F1800
;WIPE_START
G1 F3600
G1 X126.577 Y108.666 E-.15
;WIPE_END
G1 X124.568 Y108.456 Z.8 F9000
G1 Z.6
G1 E.5 F2400
;WIDTH:0.455164
G1 F1200
G3 X127.057 Y108.466 I.5 J190.667 E.07469
G1 X126.644 Y108.198 E.01476
G2 X124.601 Y108.433 I-.821 J1.862 E.0647
G1 E-.35 F1800
;WIPE_START
G1 F3600
G1 X124.824 Y108.278 E-.04078
G1 X125.16 Y108.128 E-.05523
G1 X125.51 Y108.044 E-.05398
;WIPE_END
G1 X121.703 Y108.303 Z.8 F9000
G1 X96.636 Y110.003 Z.8
G1 Z.6
G1 E.5 F2400
;TYPE:Inner wall
;WIDTH:0.45
G1 F1200
G1 X96.608 Y110.074 E.00225
G3 X96.504 Y110.654 I-8.468 J-1.218 E.01747
G3 X94.504 Y107.623 I-2.3 J-.658 E.32311
G3 X96.488 Y109.292 I-.31 J2.383 E.08114
G1 X96.628 Y109.964 E.02036
M204 T800
G1 X96.71 Y109.801 F9000
M204 P800
;TYPE:Outer wall
;WIDTH:0.42
G1 F1200
G1 X97.065 Y109.986
G1 X96.987 Y110.182 E.00577
G3 X95.608 Y112.407 I-2.884 J-.248 E.07456
G1 X95.182 Y112.609 E.01295
G3 X92.624 Y112.301 I-.977 J-2.661 E.07343
G1 X92.199 Y111.942 E.01526
G3 X94.513 Y107.231 I2.006 J-1.938 E.18756
G1 X95.08 Y107.354 E.01593
G1 X95.564 Y107.567 E.01451
G1 X95.999 Y107.868 E.01452
G1 X96.369 Y108.246 E.01452
G1 X96.661 Y108.687 E.01452
G1 X96.864 Y109.175 E.01452
G1 X97.016 Y109.903 E.0204
G1 X97.043 Y109.899 E.00074
G1 X97.055 Y109.947 E.00136
G1 X97.027 Y110.004
M204 T2000
G1 E-.35 F1800
;WIPE_START
G1 X96.987 Y110.182 E-.03657
G1 X96.881 Y110.766 E-.08906
G1 X96.821 Y110.917 E-.02437
;WIPE_END
G1 X95.98 Y108.666 Z.8 F9000
G1 Z.6
G1 E.5 F2400
M204 P1500
;TYPE:Internal solid infill
;WIDTH:0.419999
G1 F1200
G1 X92.637 Y108.666 E.09176
G2 X92.384 Y109.043 I.852 J.845 E.01254
G1 X96.023 Y109.043 E.09988
G1 X96.174 Y109.42 E.01115
G1 X92.232 Y109.42 E.10821
G2 X92.157 Y109.797 I.95 J.385 E.01061
G1 X96.253 Y109.797 E.11242
G1 X96.29 Y109.973 E.00495
G2 X96.252 Y110.174 I.474 J.193 E.00564
G1 X92.157 Y110.174 E.1124
G2 X92.224 Y110.551 I.982 J.019 E.01058
G1 X96.184 Y110.551 E.1087
G1 X96.036 Y110.928 E.01112
G1 X92.37 Y110.928 E.10061
G2 X92.616 Y111.305 I1.152 J-.482 E.01242
G1 X95.784 Y111.305 E.08695
G3 X95.373 Y111.682 I-1.147 J-.837 E.01541
G1 X92.753 Y111.682 E.07193
G1 E-.35 F1800
;WIPE_START
G1 F3600
G1 X93.753 Y111.682 E-.15
;WIPE_END
G1 X95.431 Y108.455 Z.8 F9000
G1 Z.6
G1 E.5 F2400
;WIDTH:0.453906
G1 F1200
G2 X94.43 Y108.035 I-1.322 J1.745 E.03282
G1 X93.729 Y108.068 E.02098
G1 X93.332 Y108.21 E.01262
G1 X92.943 Y108.466 E.01394
G2 X95.391 Y108.455 I.409 J-191.439 E.07324
; stop printing object retraction_tower.drc id:4656983854234333253 copy 0
;LAYER_CHANGE
;Z:0.8
;HEIGHT:0.2
G92 E0 ; zero the extruded length again
; BEFORE_LAYER_CHANGE 3 @ 0.8mm
G1 E-.35 F1800
;WIPE_START
G1 F3600
G1 X94.391 Y108.46 E-.15
;WIPE_END
; AFTER_LAYER_CHANGE 3 @ 0.8mm
;_SET_FAN_SPEED_CHANGING_LAYER
; Calib_Retraction_tower: Z_HEIGHT: 0.8, length:0.5
; printing object retraction_tower.drc id:4656983854234333253 copy 0
G1 X98.202 Y108.663 Z1 F9000
G1 X123.364 Y110.004 Z1
G1 Z.8
G1 E.5 F2400
;TYPE:Inner wall
;WIDTH:0.45
G1 F1200
G1 X123.511 Y109.294 E.02148
G3 X126.075 Y107.626 I2.296 J.725 E.09819
G3 X127.544 Y111.64 I-.275 J2.377 E.15664
G1 X127.139 Y111.986 E.01578
G3 X125.114 Y112.289 I-1.339 J-2.033 E.06262
G3 X124.018 Y111.582 I.676 J-2.251 E.03913
G3 X123.463 Y110.475 I1.67 J-1.531 E.03718
G1 X123.392 Y110.074 E.01207
G1 X123.379 Y110.041 E.00106
M204 T800
G1 X123.31 Y110.125 F9000
M204 P800
;TYPE:Outer wall
;WIDTH:0.42
G1 F1200
G1 X122.935 Y109.986
G1 X122.957 Y109.899 E.00246
G1 X122.984 Y109.903 E.00075
G1 X123.135 Y109.178 E.02032
G1 X123.337 Y108.692 E.01444
G1 X123.626 Y108.253 E.01444
G1 X123.993 Y107.876 E.01444
G1 X124.425 Y107.573 E.01448
G3 X126.13 Y107.238 I1.386 J2.542 E.04844
G3 X127.826 Y111.916 I-.331 J2.766 E.16883
G1 X127.364 Y112.309 E.01667
G3 X125.927 Y112.786 I-1.629 J-2.507 E.04201
G1 X125.321 Y112.747 E.01667
G3 X123.078 Y110.55 I.493 J-2.747 E.09153
G1 X123.013 Y110.182 E.01027
G1 X122.95 Y110.023 E.00468
G1 X122.951 Y109.979
M204 T2000
G1 E-.35 F1800
;WIPE_START
G1 X122.957 Y109.899 E-.01862
G1 X122.984 Y109.903 E-.00408
G1 X123.135 Y109.178 E-.11105
G1 X123.176 Y109.078 E-.01625
;WIPE_END
G1 X119.362 Y109.211 Z1 F9000
G1 X96.636 Y110.004 Z1
G1 Z.8
G1 E.5 F2400
M204 P1500
;TYPE:Inner wall
;WIDTH:0.45
G1 F1200
G1 X96.608 Y110.074 E.00224
G3 X96.389 Y110.963 I-3.343 J-.351 E.02723
G3 X94.617 Y112.358 I-2.227 J-1.006 E.06946
G1 X94.086 Y112.392 E.01578
G3 X94.376 Y107.617 I.119 J-2.389 E.22425
G3 X96.489 Y109.294 I-.181 J2.397 E.08485
G1 X96.628 Y109.964 E.02029
M204 T800
G1 X96.71 Y109.801 F9000
M204 P800
;TYPE:Outer wall
;WIDTH:0.42
G1 F1200
G1 X97.065 Y109.986
G1 X96.987 Y110.182 E.00577
G3 X96.748 Y111.123 I-3.562 J-.404 E.02673
G3 X94.679 Y112.747 I-2.591 J-1.17 E.07506
G1 X94.073 Y112.786 E.01667
G3 X92.636 Y112.309 I.192 J-2.983 E.04201
G1 X92.174 Y111.916 E.01667
G3 X94.395 Y107.226 I2.027 J-1.911 E.18324
G3 X96.865 Y109.178 I-.2 J2.792 E.09179
G1 X97.016 Y109.903 E.02032
G1 X97.043 Y109.899 E.00075
G1 X97.055 Y109.947 E.00136
G1 X97.027 Y110.004
; stop printing object retraction_tower.drc id:4656983854234333253 copy 0
M106 S127
;LAYER_CHANGE
;Z:1
;HEIGHT:0.2
G92 E0 ; zero the extruded length again
; BEFORE_LAYER_CHANGE 4 @ 1mm
G1 E-.35 F1800
;WIPE_START
G1 X96.987 Y110.182 E-.03657
G1 X96.866 Y110.815 E-.09676
G1 X96.826 Y110.919 E-.01667
;WIPE_END
; AFTER_LAYER_CHANGE 4 @ 1mm
;_SET_FAN_SPEED_CHANGING_LAYER
; Calib_Retraction_tower: Z_HEIGHT: 1, length:0.5
; printing object retraction_tower.drc id:4656983854234333253 copy 0
M204 T2000
G1 X100.64 Y110.787 Z1.2 F9000
G1 X123.364 Y110.004 Z1.2
G1 Z1
G1 E.5 F2400
M204 P1500
;TYPE:Inner wall
;WIDTH:0.45
G1 F1200
G1 X123.51 Y109.296 E.02141
G3 X126.189 Y107.642 I2.288 J.709 E.10178
G3 X128.16 Y110.35 I-.398 J2.361 E.10989
G3 X128.1 Y110.634 I-.768 J-.011 E.00867
G1 X127.958 Y111.037 E.01267
G3 X127.569 Y111.615 I-4.102 J-2.348 E.02065
G1 X127.126 Y111.994 E.0173
G3 X126.493 Y112.291 I-2.315 J-4.116 E.02072
G3 X125.939 Y112.391 I-1.021 J-4.073 E.0167
G1 X125.356 Y112.353 E.0173
G3 X124.697 Y112.125 I1.212 J-4.564 E.02068
G3 X123.527 Y110.753 I1.195 J-2.205 E.05467
G2 X123.374 Y110.042 I-7.992 J1.345 E.02155
M204 T800
G1 X123.31 Y110.125 F9000
M204 P800
;TYPE:Outer wall
;WIDTH:0.42
G1 F1200
G1 X122.935 Y109.986
G1 X122.957 Y109.899 E.00246
G1 X122.984 Y109.903 E.00075
G1 X123.134 Y109.181 E.02024
G1 X123.334 Y108.697 E.01436
G1 X123.621 Y108.26 E.01436
G1 X123.984 Y107.883 E.01436
G1 X124.412 Y107.581 E.01438
G3 X126.244 Y107.254 I1.384 J2.458 E.05205
G3 X128.55 Y110.387 I-.431 J2.733 E.11841
G3 X128.473 Y110.758 I-1 J-.015 E.01046
G1 X128.318 Y111.196 E.01276
G3 X127.851 Y111.889 I-4.314 J-2.403 E.02297
G1 X127.351 Y112.318 E.01808
G3 X126.592 Y112.671 I-2.456 J-4.283 E.02299
G3 X125.951 Y112.785 I-1.166 J-4.715 E.01789
G1 X125.294 Y112.742 E.01808
G3 X124.504 Y112.467 I1.222 J-4.783 E.02298
G3 X123.15 Y110.864 I1.401 J-2.557 E.05893
G3 X123.013 Y110.182 I9.838 J-2.329 E.01912
G1 X122.95 Y110.023 E.00468
G1 X122.951 Y109.979
M204 T2000
G1 E-.35 F1800
;WIPE_START
G1 X122.957 Y109.899 E-.01862
G1 X122.984 Y109.903 E-.00409
G1 X123.134 Y109.181 E-.11062
G1 X123.176 Y109.078 E-.01666
;WIPE_END
G1 X119.363 Y109.211 Z1.2 F9000
G1 X96.636 Y110.004 Z1.2
G1 Z1
G1 E.5 F2400
M204 P1500
;TYPE:Inner wall
;WIDTH:0.45
G1 F1200
G2 X96.473 Y110.753 I7.827 J2.094 E.02272
G3 X94.644 Y112.353 I-2.309 J-.793 E.0754
G1 X94.061 Y112.391 E.0173
G3 X93.378 Y112.249 I.619 J-4.682 E.02069
G3 X92.874 Y111.994 I2.08 J-4.75 E.01673
G1 X92.431 Y111.615 E.0173
G3 X91.84 Y110.35 I1.809 J-1.615 E.04196
G1 X91.806 Y109.923 E.01267
G3 X94.258 Y107.611 I2.391 J.079 E.11079
G3 X96.49 Y109.296 I-.067 J2.409 E.08839
G1 X96.628 Y109.965 E.02022
M204 T800
G1 X96.71 Y109.801 F9000
M204 P800
;TYPE:Outer wall
;WIDTH:0.42
G1 F1200
G1 X97.065 Y109.986
G2 X96.947 Y110.41 I.97 J.498 E.01215
G1 X96.85 Y110.864 E.01276
G3 X96.166 Y111.959 I-2.724 J-.942 E.03574
G3 X95.884 Y112.211 I-.796 J-.606 E.01046
G3 X94.887 Y112.696 I-1.602 J-2.03 E.03066
G1 X94.706 Y112.742 E.00512
G1 X94.049 Y112.785 E.01808
G3 X93.23 Y112.613 I.602 J-4.901 E.02298
G3 X92.649 Y112.318 I2.415 J-5.481 E.0179
G1 X92.149 Y111.889 E.01808
G3 X91.682 Y111.196 I3.847 J-3.096 E.02297
G3 X91.471 Y110.576 I8.022 J-3.075 E.01797
G3 X91.413 Y109.923 I10.563 J-1.267 E.01799
G3 X94.277 Y107.22 I2.785 J.081 E.12005
G3 X96.866 Y109.181 I-.086 J2.803 E.09508
G1 X97.016 Y109.903 E.02024
G1 X97.043 Y109.899 E.00075
G1 X97.055 Y109.947 E.00136
G1 X97.027 Y110.004
; stop printing object retraction_tower.drc id:4656983854234333253 copy 0
;LAYER_CHANGE
;Z:1.2
;HEIGHT:0.2
G92 E0 ; zero the extruded length again
; BEFORE_LAYER_CHANGE 5 @ 1.2mm
G1 E-.35 F1800
;WIPE_START
G1 X96.987 Y110.182 E-.03657
G1 X96.947 Y110.41 E-.03474
G1 X96.85 Y110.864 E-.06973
G1 X96.829 Y110.92 E-.00896
;WIPE_END
; AFTER_LAYER_CHANGE 5 @ 1.2mm
;_SET_FAN_SPEED_CHANGING_LAYER
; Calib_Retraction_tower: Z_HEIGHT: 1.2, length:0.5
; printing object retraction_tower.drc id:4656983854234333253 copy 0
M204 T2000
G1 X100.643 Y110.788 Z1.4 F9000
G1 X123.364 Y110.004 Z1.4
G1 Z1.2
G1 E.5 F2400
M204 P1500
;TYPE:Inner wall
;WIDTH:0.45
G1 F1200
G1 X123.51 Y109.299 E.02134
G3 X126.303 Y107.658 I2.29 J.702 E.10541
G1 X126.316 Y107.66 E.0004
G3 X128.193 Y109.873 I-.555 J2.373 E.09207
G1 X128.141 Y110.496 E.01853
G1 X127.936 Y111.085 E.01847
G1 X127.592 Y111.59 E.01812
G1 X127.113 Y112.002 E.01871
G1 X126.563 Y112.271 E.01816
G1 X125.962 Y112.39 E.01815
G1 X125.332 Y112.349 E.01871
G1 X124.751 Y112.154 E.01815
G1 X124.239 Y111.816 E.01816
G1 X123.818 Y111.346 E.01871
G1 X123.542 Y110.8 E.01812
G1 X123.373 Y110.043 E.02298
M204 T800
G1 X123.31 Y110.125 F9000
M204 P800
;TYPE:Outer wall
;WIDTH:0.42
G1 F1200
G1 X122.935 Y109.986
G1 X122.957 Y109.899 E.00246
G1 X122.985 Y109.903 E.00075
G1 X123.133 Y109.183 E.02016
G1 X123.331 Y108.702 E.01428
G1 X123.615 Y108.266 E.01428
G1 X123.975 Y107.891 E.01428
G1 X124.399 Y107.588 E.01428
G1 X124.871 Y107.37 E.01428
G1 X125.376 Y107.243 E.01428
G1 X125.896 Y107.213 E.01429
G1 X126.358 Y107.27 E.01278
G1 X126.907 Y107.44 E.01577
G3 X128.586 Y109.874 I-1.129 J2.575 E.08546
G1 X128.528 Y110.578 E.01939
G1 X128.295 Y111.246 E.0194
G1 X127.876 Y111.863 E.02047
G1 X127.338 Y112.326 E.01949
G3 X126.666 Y112.65 I-7.557 J-14.821 E.02049
G3 X125.976 Y112.783 I-1.335 J-5.07 E.0193
G1 X125.267 Y112.738 E.01949
G3 X124.56 Y112.498 I4.991 J-15.882 E.02049
G3 X123.975 Y112.109 I3.538 J-5.959 E.0193
G1 X123.502 Y111.58 E.01949
G1 X123.181 Y110.955 E.01928
G1 X123.011 Y110.179 E.02181
G1 X122.95 Y110.023 E.00458
G1 X122.951 Y109.979
M204 T2000
G1 E-.35 F1800
;WIPE_START
G1 X122.957 Y109.899 E-.01862
G1 X122.985 Y109.903 E-.00411
G1 X123.133 Y109.183 E-.1102
G1 X123.176 Y109.078 E-.01707
;WIPE_END
G1 X119.363 Y109.211 Z1.4 F9000
G1 X96.636 Y110.004 Z1.4
G1 Z1.2
G1 E.5 F2400
M204 P1500
;TYPE:Inner wall
;WIDTH:0.45
G1 F1200
G1 X96.458 Y110.8 E.02417
G1 X96.182 Y111.346 E.01812
G1 X95.761 Y111.816 E.01871
G1 X95.249 Y112.154 E.01816
G1 X94.668 Y112.349 E.01815
G1 X94.038 Y112.39 E.01871
G1 X93.437 Y112.271 E.01815
G1 X92.887 Y112.002 E.01816
G1 X92.408 Y111.59 E.01871
G1 X92.064 Y111.085 E.01812
G1 X91.859 Y110.496 E.01847
G1 X91.807 Y109.873 E.01853
G1 X91.869 Y109.444 E.01284
G3 X94.14 Y107.606 I2.33 J.556 E.0931
G3 X96.49 Y109.299 I.03 J2.437 E.09191
G1 X96.628 Y109.965 E.02016
M204 T800
G1 X96.71 Y109.801 F9000
M204 P800
;TYPE:Outer wall
;WIDTH:0.42
G1 F1200
G1 X97.065 Y109.986
G1 X96.989 Y110.179 E.00568
G1 X96.835 Y110.914 E.02062
G1 X96.498 Y111.58 E.02047
G1 X96.025 Y112.109 E.01949
G3 X95.4 Y112.517 I-9.408 J-13.734 E.02049
G3 X94.733 Y112.738 I-1.892 J-4.597 E.0193
G1 X94.024 Y112.783 E.01949
G3 X93.292 Y112.637 I2.907 J-16.394 E.02049
G3 X92.662 Y112.326 I2.531 J-5.939 E.0193
G1 X92.124 Y111.863 E.01949
G1 X91.705 Y111.246 E.02047
G1 X91.472 Y110.578 E.0194
G1 X91.414 Y109.874 E.01939
G3 X94.159 Y107.214 I2.809 J.153 E.11533
G1 X94.624 Y107.243 E.01279
G1 X95.129 Y107.37 E.01429
G1 X95.601 Y107.588 E.01428
G1 X96.025 Y107.891 E.01428
G1 X96.385 Y108.266 E.01428
G1 X96.669 Y108.702 E.01428
G1 X96.867 Y109.183 E.01428
G1 X97.015 Y109.903 E.02017
G1 X97.043 Y109.899 E.00075
G1 X97.055 Y109.947 E.00136
G1 X97.028 Y110.004
; stop printing object retraction_tower.drc id:4656983854234333253 copy 0
;LAYER_CHANGE
;Z:1.4
;HEIGHT:0.2
G92 E0 ; zero the extruded length again
; BEFORE_LAYER_CHANGE 6 @ 1.4mm
G1 E-.35 F1800
;WIPE_START
G1 X96.989 Y110.179 E-.03608
G1 X96.835 Y110.914 E-.11271
G1 X96.831 Y110.921 E-.00122
;WIPE_END
; AFTER_LAYER_CHANGE 6 @ 1.4mm
;_SET_FAN_SPEED_CHANGING_LAYER
; Calib_Retraction_tower: Z_HEIGHT: 1.4, length:0.5
; printing object retraction_tower.drc id:4656983854234333253 copy 0
M204 T2000
G1 X96.653 Y109.96 Z1.6 F9000
G1 Z1.4
G1 E.5 F2400
M204 P1500
;TYPE:Inner wall
;WIDTH:0.45
G1 F1200
G3 X96.282 Y110.879 I-54.085 J-21.317 E.02938
G1 X95.913 Y111.371 E.01822
G1 X95.431 Y111.752 E.01822
G1 X94.867 Y111.998 E.01822
G1 X94.26 Y112.092 E.01822
G1 X93.648 Y112.028 E.01822
G1 X93.073 Y111.811 E.01822
G1 X92.573 Y111.454 E.01822
G1 X92.179 Y110.982 E.01822
G1 X91.919 Y110.425 E.01822
G1 X91.81 Y109.821 E.01818
G1 X91.863 Y109.189 E.01877
G1 X92.078 Y108.595 E.01874
G1 X92.442 Y108.078 E.01874
G1 X92.928 Y107.674 E.01874
G1 X93.503 Y107.411 E.01874
G1 X94.127 Y107.309 E.01874
G1 X94.756 Y107.373 E.01874
G1 X95.347 Y107.6 E.01874
G1 X95.857 Y107.974 E.01874
G1 X96.251 Y108.468 E.01874
G1 X96.502 Y109.048 E.01874
G1 X96.609 Y109.786 E.02209
G1 X96.643 Y109.921 E.00414
M204 T800
G1 X96.711 Y109.8 F9000
M204 P800
;TYPE:Outer wall
;WIDTH:0.42
G1 F1200
G1 X97.065 Y109.986
G3 X96.626 Y111.074 I-64.037 J-25.199 E.0322
G1 X96.196 Y111.647 E.01966
G1 X95.634 Y112.091 E.01966
G1 X94.977 Y112.378 E.01966
G1 X94.27 Y112.487 E.01966
G1 X93.557 Y112.413 E.01966
G1 X92.887 Y112.16 E.01966
G1 X92.304 Y111.744 E.01966
G1 X91.845 Y111.193 E.01966
G1 X91.543 Y110.544 E.01966
G1 X91.415 Y109.84 E.01965
G1 X91.476 Y109.105 E.02024
G1 X91.727 Y108.412 E.02023
G1 X92.151 Y107.809 E.02023
G1 X92.718 Y107.339 E.02023
G1 X93.388 Y107.033 E.02023
G1 X94.115 Y106.913 E.02023
G1 X94.482 Y106.951 E.01011
G1 X94.848 Y106.988 E.01011
G1 X95.536 Y107.253 E.02023
G1 X96.131 Y107.688 E.02023
G1 X96.59 Y108.264 E.02023
G1 X96.883 Y108.941 E.02023
G1 X96.994 Y109.709 E.02131
G1 X97.055 Y109.947 E.00675
G1 X96.989 Y110.012
M204 T2000
G1 E-.35 F1800
;WIPE_START
G1 X96.699 Y110.882 E-.15
;WIPE_END
G1 X100.513 Y110.75 Z1.6 F9000
G1 X123.347 Y109.96 Z1.6
G1 Z1.4
G1 E.5 F2400
M204 P1500
;TYPE:Inner wall
;WIDTH:0.45
G1 F1200
G1 X123.391 Y109.786 E.00532
G1 X123.498 Y109.048 E.02209
G1 X123.749 Y108.468 E.01874
G1 X124.143 Y107.974 E.01874
G1 X124.653 Y107.6 E.01874
G1 X125.244 Y107.373 E.01874
G1 X125.873 Y107.309 E.01874
G1 X126.497 Y107.411 E.01874
G1 X127.072 Y107.674 E.01874
G1 X127.558 Y108.078 E.01874
G1 X127.922 Y108.595 E.01874
G1 X128.137 Y109.189 E.01874
G1 X128.19 Y109.821 E.01877
G1 X128.081 Y110.425 E.01818
G1 X127.821 Y110.982 E.01822
G1 X127.427 Y111.454 E.01822
G1 X126.927 Y111.811 E.01822
G1 X126.352 Y112.028 E.01822
G1 X125.74 Y112.092 E.01822
G1 X125.133 Y111.998 E.01822
G1 X124.569 Y111.752 E.01822
G1 X124.087 Y111.371 E.01822
G1 X123.718 Y110.879 E.01822
G3 X123.361 Y109.997 I53.632 J-22.203 E.02819
M204 T800
G1 X123.31 Y110.126 F9000
M204 P800
;TYPE:Outer wall
;WIDTH:0.42
G1 F1200
G1 X122.935 Y109.986
G1 X123.006 Y109.709 E.00785
G1 X123.117 Y108.941 E.02131
G1 X123.41 Y108.264 E.02023
G1 X123.869 Y107.688 E.02023
G1 X124.464 Y107.253 E.02023
G1 X125.152 Y106.988 E.02023
G1 X125.885 Y106.913 E.02023
G1 X126.248 Y106.973 E.01011
G1 X126.612 Y107.033 E.01011
G1 X127.282 Y107.339 E.02023
G1 X127.849 Y107.809 E.02023
G1 X128.273 Y108.412 E.02023
G1 X128.524 Y109.105 E.02023
G1 X128.585 Y109.84 E.02024
G1 X128.457 Y110.544 E.01965
G1 X128.155 Y111.193 E.01966
G1 X127.696 Y111.744 E.01966
G1 X127.113 Y112.16 E.01966
G1 X126.443 Y112.413 E.01966
G1 X125.73 Y112.487 E.01966
G1 X125.023 Y112.378 E.01966
G1 X124.366 Y112.091 E.01966
G1 X123.804 Y111.647 E.01966
G1 X123.374 Y111.074 E.01966
G3 X122.95 Y110.023 I63.529 J-26.26 E.03111
G1 X122.985 Y109.958
; stop printing object retraction_tower.drc id:4656983854234333253 copy 0
;LAYER_CHANGE
;Z:1.6
;HEIGHT:0.2
G92 E0 ; zero the extruded length again
; BEFORE_LAYER_CHANGE 7 @ 1.6mm
G1 E-.35 F1800
;WIPE_START
G1 X123.006 Y109.709 E-.0479
G1 X123.104 Y109.035 E-.1021
;WIPE_END
; AFTER_LAYER_CHANGE 7 @ 1.6mm
;_SET_FAN_SPEED_CHANGING_LAYER
; Calib_Retraction_tower: Z_HEIGHT: 1.6, length:1
; printing object retraction_tower.drc id:4656983854234333253 copy 0
M204 T2000
G1 E-.5
G1 X119.29 Y109.175 Z1.8 F9000
G1 X96.636 Y110.004 Z1.8
G1 Z1.6
G1 E1 F2400
M204 P1500
;TYPE:Inner wall
;WIDTH:0.45
G1 F1200
G1 X96.457 Y110.796 E.02406
G1 X96.177 Y111.348 E.01833
G1 X95.765 Y111.81 E.01833
G1 X95.249 Y112.151 E.01833
G1 X94.662 Y112.348 E.01833
G1 X94.045 Y112.388 E.01833
G1 X93.438 Y112.268 E.01833
G1 X92.882 Y111.997 E.01833
G1 X92.414 Y111.592 E.01833
G1 X92.065 Y111.081 E.01833
G1 X91.859 Y110.497 E.01833
G1 X91.809 Y109.869 E.01866
G3 X94.559 Y107.633 I2.409 J.153 E.11794
G1 X94.573 Y107.634 E.0004
G3 X96.491 Y109.3 I-.373 J2.366 E.07935
G1 X96.628 Y109.965 E.02012
M204 T800
G1 X96.71 Y109.801 F9000
M204 P800
;TYPE:Outer wall
;WIDTH:0.42
G1 F1200
G1 X97.065 Y109.986
G1 X96.989 Y110.178 E.00567
G1 X96.829 Y110.928 E.02105
G1 X96.504 Y111.571 E.01978
G1 X96.2 Y111.912 E.01254
G1 X96.024 Y112.109 E.00725
G1 X95.422 Y112.506 E.01979
G1 X94.739 Y112.736 E.01978
G1 X94.019 Y112.782 E.0198
G1 X93.312 Y112.643 E.01978
G1 X92.726 Y112.357 E.0179
G1 X92.664 Y112.327 E.00189
G1 X92.118 Y111.855 E.01981
M106 S127
G1 X91.712 Y111.259 E.01979
G1 X91.473 Y110.579 E.01978
G1 X91.415 Y109.857 E.01988
G1 X91.488 Y109.347 E.01414
G1 X91.656 Y108.856 E.01424
G1 X91.912 Y108.404 E.01426
G1 X92.248 Y108.008 E.01425
G1 X92.65 Y107.681 E.01422
G1 X93.107 Y107.434 E.01426
G1 X93.601 Y107.276 E.01424
G1 X94.116 Y107.212 E.01424
G1 X94.584 Y107.242 E.01287
G1 X95.137 Y107.373 E.0156
G1 X95.607 Y107.592 E.01423
G1 X96.029 Y107.894 E.01424
G1 X96.387 Y108.27 E.01425
G1 X96.67 Y108.705 E.01424
G1 X96.867 Y109.185 E.01424
G1 X97.015 Y109.903 E.02012
G1 X97.043 Y109.899 E.00078
G1 X97.055 Y109.947 E.00136
G1 X97.028 Y110.004
M204 T2000
G1 E-.7 F1800
;WIPE_START
G1 X96.989 Y110.178 E-.07205
G1 X96.831 Y110.921 E-.22795
;WIPE_END
G1 X100.645 Y110.79 Z1.8 F9000
G1 X123.364 Y110.004 Z1.8
G1 Z1.6
G1 E1 F2400
M204 P1500
;TYPE:Inner wall
;WIDTH:0.45
G1 F1200
G1 X123.509 Y109.3 E.02131
G3 X126.301 Y107.659 I2.289 J.7 E.10538
G1 X126.314 Y107.661 E.0004
G3 X128.191 Y109.869 I-.553 J2.371 E.09198
G1 X128.141 Y110.497 E.01866
G1 X127.935 Y111.081 E.01833
G1 X127.586 Y111.592 E.01833
G1 X127.118 Y111.997 E.01833
G1 X126.562 Y112.268 E.01833
G1 X125.955 Y112.388 E.01833
G1 X125.338 Y112.348 E.01833
G1 X124.751 Y112.151 E.01833
G1 X124.235 Y111.81 E.01833
G1 X123.823 Y111.348 E.01833
G1 X123.543 Y110.796 E.01833
G1 X123.373 Y110.043 E.02287
M204 T800
G1 X123.31 Y110.125 F9000
M204 P800
;TYPE:Outer wall
;WIDTH:0.42
G1 F1200
G1 X122.935 Y109.986
G1 X122.957 Y109.899 E.00246
G1 X122.985 Y109.903 E.00078
G1 X123.133 Y109.185 E.02012
G1 X123.33 Y108.705 E.01424
G1 X123.613 Y108.27 E.01424
G1 X123.971 Y107.894 E.01425
G1 X124.393 Y107.592 E.01424
G1 X124.863 Y107.373 E.01423
G1 X125.366 Y107.245 E.01425
G1 X125.884 Y107.212 E.01425
G1 X126.349 Y107.27 E.01286
G1 X126.893 Y107.434 E.0156
G1 X127.35 Y107.681 E.01426
G1 X127.752 Y108.008 E.01422
G1 X128.088 Y108.404 E.01425
G1 X128.344 Y108.856 E.01426
G1 X128.512 Y109.347 E.01424
G1 X128.585 Y109.857 E.01414
G1 X128.527 Y110.579 E.01988
G1 X128.288 Y111.259 E.01978
G1 X127.882 Y111.855 E.01979
G1 X127.336 Y112.327 E.01981
G1 X126.688 Y112.643 E.01979
G1 X125.981 Y112.782 E.01978
G1 X125.261 Y112.736 E.0198
G1 X124.578 Y112.506 E.01978
G1 X123.976 Y112.109 E.01979
G1 X123.8 Y111.912 E.00725
M106 S127
G1 X123.496 Y111.571 E.01254
G1 X123.171 Y110.928 E.01978
G1 X123.011 Y110.178 E.02105
G1 X122.95 Y110.023 E.00457
G1 X122.951 Y109.979
; stop printing object retraction_tower.drc id:4656983854234333253 copy 0
;LAYER_CHANGE
;Z:1.8
;HEIGHT:0.2
G92 E0 ; zero the extruded length again
; BEFORE_LAYER_CHANGE 8 @ 1.8mm
G1 E-.7 F1800
;WIPE_START
G1 X122.957 Y109.899 E-.03724
G1 X122.985 Y109.903 E-.00824
G1 X123.133 Y109.185 E-.21997
G1 X123.176 Y109.078 E-.03456
;WIPE_END
; AFTER_LAYER_CHANGE 8 @ 1.8mm
;_SET_FAN_SPEED_CHANGING_LAYER
; Calib_Retraction_tower: Z_HEIGHT: 1.8, length:1
; printing object retraction_tower.drc id:4656983854234333253 copy 0
M204 T2000
G1 X119.363 Y109.211 Z2 F9000
G1 X96.636 Y110.004 Z2
G1 Z1.8
G1 E1 F2400
M204 P1500
;TYPE:Inner wall
;WIDTH:0.45
G1 F1200
G1 X96.457 Y110.796 E.02406
G1 X96.177 Y111.348 E.01833
G1 X95.765 Y111.81 E.01833
G1 X95.249 Y112.151 E.01833
G1 X94.662 Y112.348 E.01833
G1 X94.045 Y112.388 E.01833
G1 X93.438 Y112.268 E.01833
G1 X92.882 Y111.997 E.01833
G1 X92.414 Y111.592 E.01833
G1 X92.065 Y111.081 E.01833
G1 X91.859 Y110.497 E.01833
G1 X91.809 Y109.869 E.01866
G3 X94.42 Y107.624 I2.397 J.147 E.11376
G1 X94.573 Y107.634 E.00454
G3 X96.491 Y109.3 I-.373 J2.366 E.07935
G1 X96.628 Y109.965 E.02012
M204 T800
G1 X96.71 Y109.801 F9000
M204 P800
;TYPE:Outer wall
;WIDTH:0.42
G1 F1200
G1 X97.065 Y109.986
G1 X96.989 Y110.178 E.00567
G1 X96.829 Y110.928 E.02103
G1 X96.504 Y111.571 E.01979
G1 X96.024 Y112.109 E.01979
G1 X95.422 Y112.506 E.01979
G1 X94.739 Y112.736 E.01979
G1 X94.019 Y112.782 E.01979
G1 X93.312 Y112.643 E.01979
G1 X92.664 Y112.327 E.01979
G1 X92.118 Y111.855 E.01979
G1 X91.712 Y111.259 E.01979
G1 X91.473 Y110.579 E.01979
G1 X91.415 Y109.857 E.0199
G1 X91.488 Y109.347 E.01414
G1 X91.656 Y108.856 E.01424
G1 X91.912 Y108.404 E.01424
G1 X92.248 Y108.008 E.01424
G1 X92.65 Y107.681 E.01424
G1 X93.107 Y107.434 E.01424
G1 X93.601 Y107.276 E.01424
G1 X94.116 Y107.212 E.01424
G1 X94.445 Y107.233 E.00904
G1 X94.634 Y107.245 E.00521
G1 X95.137 Y107.373 E.01424
G1 X95.607 Y107.592 E.01424
G1 X96.029 Y107.894 E.01424
G1 X96.387 Y108.27 E.01424
G1 X96.67 Y108.705 E.01424
G1 X96.867 Y109.185 E.01424
G1 X97.015 Y109.903 E.02013
G1 X97.043 Y109.899 E.00075
G1 X97.055 Y109.947 E.00136
G1 X97.028 Y110.004
M204 T2000
G1 E-.7 F1800
;WIPE_START
G1 X96.989 Y110.178 E-.07205
G1 X96.831 Y110.921 E-.22795
;WIPE_END
G1 X100.645 Y110.79 Z2 F9000
G1 X123.364 Y110.004 Z2
G1 Z1.8
G1 E1 F2400
M204 P1500
;TYPE:Inner wall
;WIDTH:0.45
G1 F1200
G1 X123.509 Y109.3 E.02131
G3 X126.163 Y107.642 I2.279 J.695 E.10113
G1 X126.314 Y107.661 E.00454
G3 X128.191 Y109.869 I-.553 J2.371 E.09198
G1 X128.141 Y110.497 E.01866
G1 X127.935 Y111.081 E.01833
G1 X127.586 Y111.592 E.01833
G1 X127.118 Y111.997 E.01833
G1 X126.562 Y112.268 E.01833
G1 X125.955 Y112.388 E.01833
G1 X125.338 Y112.348 E.01833
G1 X124.751 Y112.151 E.01833
G1 X124.235 Y111.81 E.01833
G1 X123.823 Y111.348 E.01833
G1 X123.543 Y110.796 E.01833
G1 X123.373 Y110.043 E.02287
M204 T800
G1 X123.31 Y110.125 F9000
M204 P800
;TYPE:Outer wall
;WIDTH:0.42
G1 F1200
G1 X122.935 Y109.986
G1 X122.957 Y109.899 E.00246
G1 X122.985 Y109.903 E.00075
G1 X123.133 Y109.185 E.02013
G1 X123.33 Y108.705 E.01424
G1 X123.613 Y108.27 E.01424
G1 X123.971 Y107.894 E.01424
G1 X124.393 Y107.592 E.01424
G1 X124.863 Y107.373 E.01424
G1 X125.366 Y107.245 E.01424
G1 X125.884 Y107.212 E.01424
G1 X126.211 Y107.253 E.00904
G1 X126.399 Y107.276 E.00521
G1 X126.893 Y107.434 E.01424
G1 X127.35 Y107.681 E.01424
G1 X127.752 Y108.008 E.01424
G1 X128.088 Y108.404 E.01424
G1 X128.344 Y108.856 E.01424
G1 X128.512 Y109.347 E.01424
G1 X128.585 Y109.857 E.01414
G1 X128.527 Y110.579 E.0199
G1 X128.288 Y111.259 E.01979
G1 X127.882 Y111.855 E.01979
G1 X127.336 Y112.327 E.01979
G1 X126.688 Y112.643 E.01979
G1 X125.981 Y112.782 E.01979
G1 X125.261 Y112.736 E.01979
G1 X124.578 Y112.506 E.01979
G1 X123.976 Y112.109 E.01979
G1 X123.496 Y111.571 E.01979
G1 X123.171 Y110.928 E.01979
G1 X123.011 Y110.178 E.02103
G1 X122.95 Y110.023 E.00458
G1 X122.951 Y109.979
; stop printing object retraction_tower.drc id:4656983854234333253 copy 0
;LAYER_CHANGE
;Z:2
;HEIGHT:0.2
G92 E0 ; zero the extruded length again
; BEFORE_LAYER_CHANGE 9 @ 2mm
G1 E-.7 F1800
;WIPE_START
G1 X122.957 Y109.899 E-.03724
G1 X122.985 Y109.903 E-.00824
G1 X123.133 Y109.185 E-.21997
G1 X123.176 Y109.078 E-.03456
;WIPE_END
; AFTER_LAYER_CHANGE 9 @ 2mm
;_SET_FAN_SPEED_CHANGING_LAYER
; Calib_Retraction_tower: Z_HEIGHT: 2, length:1
; printing object retraction_tower.drc id:4656983854234333253 copy 0
M204 T2000
G1 X119.363 Y109.211 Z2.2 F9000
G1 X96.636 Y110.004 Z2.2
G1 Z2
G1 E1 F2400
M204 P1500
;TYPE:Inner wall
;WIDTH:0.45
G1 F1200
G1 X96.457 Y110.796 E.02406
G1 X96.177 Y111.348 E.01833
G1 X95.765 Y111.81 E.01833
G1 X95.249 Y112.151 E.01833
G1 X94.662 Y112.348 E.01833
G1 X94.045 Y112.388 E.01833
G1 X93.438 Y112.268 E.01833
G1 X92.882 Y111.997 E.01833
G1 X92.414 Y111.592 E.01833
G1 X92.065 Y111.081 E.01833
G1 X91.859 Y110.497 E.01833
G1 X91.809 Y109.869 E.01866
G3 X94.281 Y107.615 I2.398 J.147 E.10962
G1 X94.573 Y107.634 E.00867
G3 X96.491 Y109.3 I-.373 J2.366 E.07935
G1 X96.628 Y109.965 E.02012
M204 T800
G1 X96.71 Y109.801 F9000
M204 P800
;TYPE:Outer wall
;WIDTH:0.42
G1 F1200
G1 X97.065 Y109.986
G1 X96.989 Y110.178 E.00567
G1 X96.829 Y110.928 E.02103
G1 X96.504 Y111.571 E.01979
G1 X96.024 Y112.109 E.01979
G1 X95.422 Y112.506 E.01979
G1 X94.739 Y112.736 E.01979
G1 X94.019 Y112.782 E.01979
G1 X93.312 Y112.643 E.01979
G1 X92.664 Y112.327 E.01979
G1 X92.118 Y111.855 E.01979
G1 X91.712 Y111.259 E.01979
G1 X91.473 Y110.579 E.01979
G1 X91.415 Y109.857 E.0199
G1 X91.488 Y109.347 E.01414
G1 X91.656 Y108.856 E.01424
G1 X91.912 Y108.404 E.01424
G1 X92.248 Y108.008 E.01424
G1 X92.65 Y107.681 E.01424
G1 X93.107 Y107.434 E.01424
G1 X93.601 Y107.276 E.01424
G1 X94.116 Y107.212 E.01424
G1 X94.305 Y107.224 E.00521
G1 X94.634 Y107.245 E.00904
G1 X95.137 Y107.373 E.01424
G1 X95.607 Y107.592 E.01424
G1 X96.029 Y107.894 E.01424
G1 X96.387 Y108.27 E.01424
G1 X96.67 Y108.705 E.01424
G1 X96.867 Y109.185 E.01424
G1 X97.015 Y109.903 E.02013
G1 X97.043 Y109.899 E.00075
G1 X97.055 Y109.947 E.00136
G1 X97.028 Y110.004
M204 T2000
G1 E-.7 F1800
;WIPE_START
G1 X96.989 Y110.178 E-.07205
G1 X96.831 Y110.921 E-.22795
;WIPE_END
G1 X100.645 Y110.79 Z2.2 F9000
G1 X123.364 Y110.004 Z2.2
G1 Z2
G1 E1 F2400
M204 P1500
;TYPE:Inner wall
;WIDTH:0.45
G1 F1200
G1 X123.509 Y109.3 E.02131
G3 X126.024 Y107.625 I2.278 J.695 E.09699
G1 X126.314 Y107.661 E.00867
G3 X128.191 Y109.869 I-.553 J2.371 E.09198
G1 X128.141 Y110.497 E.01866
G1 X127.935 Y111.081 E.01833
G1 X127.586 Y111.592 E.01833
G1 X127.118 Y111.997 E.01833
G1 X126.562 Y112.268 E.01833
G1 X125.955 Y112.388 E.01833
G1 X125.338 Y112.348 E.01833
G1 X124.751 Y112.151 E.01833
G1 X124.235 Y111.81 E.01833
G1 X123.823 Y111.348 E.01833
G1 X123.543 Y110.796 E.01833
G1 X123.373 Y110.043 E.02287
M204 T800
G1 X123.31 Y110.125 F9000
M204 P800
;TYPE:Outer wall
;WIDTH:0.42
G1 F1200
G1 X122.935 Y109.986
G1 X122.957 Y109.899 E.00246
G1 X122.985 Y109.903 E.00075
G1 X123.133 Y109.185 E.02013
G1 X123.33 Y108.705 E.01424
G1 X123.613 Y108.27 E.01424
G1 X123.971 Y107.894 E.01424
G1 X124.393 Y107.592 E.01424
G1 X124.863 Y107.373 E.01424
G1 X125.366 Y107.245 E.01424
G1 X125.884 Y107.212 E.01424
G1 X126.072 Y107.236 E.00521
G1 X126.399 Y107.276 E.00904
G1 X126.893 Y107.434 E.01424
G1 X127.35 Y107.681 E.01424
G1 X127.752 Y108.008 E.01424
G1 X128.088 Y108.404 E.01424
G1 X128.344 Y108.856 E.01424
G1 X128.512 Y109.347 E.01424
G1 X128.585 Y109.857 E.01414
G1 X128.527 Y110.579 E.0199
G1 X128.288 Y111.259 E.01979
G1 X127.882 Y111.855 E.01979
G1 X127.336 Y112.327 E.01979
G1 X126.688 Y112.643 E.01979
G1 X125.981 Y112.782 E.01979
G1 X125.261 Y112.736 E.01979
G1 X124.578 Y112.506 E.01979
G1 X123.976 Y112.109 E.01979
G1 X123.496 Y111.571 E.01979
G1 X123.171 Y110.928 E.01979
G1 X123.011 Y110.178 E.02103
G1 X122.95 Y110.023 E.00458
G1 X122.951 Y109.979
; stop printing object retraction_tower.drc id:4656983854234333253 copy 0
;LAYER_CHANGE
;Z:2.2
;HEIGHT:0.2
G92 E0 ; zero the extruded length again
; BEFORE_LAYER_CHANGE 10 @ 2.2mm
G1 E-.7 F1800
;WIPE_START
G1 X122.957 Y109.899 E-.03724
G1 X122.985 Y109.903 E-.00824
G1 X123.133 Y109.185 E-.21997
G1 X123.176 Y109.078 E-.03456
;WIPE_END
; AFTER_LAYER_CHANGE 10 @ 2.2mm
;_SET_FAN_SPEED_CHANGING_LAYER
; Calib_Retraction_tower: Z_HEIGHT: 2.2, length:1
; printing object retraction_tower.drc id:4656983854234333253 copy 0
M204 T2000
G1 X119.363 Y109.211 Z2.4 F9000
G1 X96.636 Y110.004 Z2.4
G1 Z2.2
G1 E1 F2400
M204 P1500
;TYPE:Inner wall
;WIDTH:0.45
G1 F1200
G1 X96.457 Y110.796 E.02406
G1 X96.177 Y111.348 E.01833
G1 X95.765 Y111.81 E.01833
G1 X95.249 Y112.151 E.01833
G1 X94.662 Y112.348 E.01833
G1 X94.045 Y112.388 E.01833
G1 X93.438 Y112.268 E.01833
G1 X92.882 Y111.997 E.01833
G1 X92.414 Y111.592 E.01833
G1 X92.065 Y111.081 E.01833
G1 X91.859 Y110.497 E.01833
G1 X91.809 Y109.869 E.01866
G3 X94.141 Y107.607 I2.416 J.157 E.10555
G3 X96.491 Y109.3 I.031 J2.434 E.0919
G1 X96.628 Y109.965 E.02012
M204 T800
G1 X96.71 Y109.801 F9000
M204 P800
;TYPE:Outer wall
;WIDTH:0.42
G1 F1200
G1 X97.065 Y109.986
G1 X96.989 Y110.178 E.00567
G1 X96.829 Y110.928 E.02103
G1 X96.504 Y111.571 E.01979
G1 X96.024 Y112.109 E.01979
G1 X95.422 Y112.506 E.01979
G1 X94.739 Y112.736 E.01979
G1 X94.019 Y112.782 E.01979
G1 X93.312 Y112.643 E.01979
G1 X92.664 Y112.327 E.01979
G1 X92.118 Y111.855 E.01979
G1 X91.712 Y111.259 E.01979
G1 X91.473 Y110.579 E.01979
G1 X91.415 Y109.857 E.0199
G1 X91.488 Y109.347 E.01414
G1 X91.656 Y108.856 E.01424
G1 X91.912 Y108.404 E.01424
G1 X92.248 Y108.008 E.01424
G1 X92.65 Y107.681 E.01424
G1 X93.107 Y107.434 E.01424
G1 X93.601 Y107.276 E.01424
G1 X94.166 Y107.215 E.0156
G1 X94.634 Y107.245 E.01287
G1 X95.137 Y107.373 E.01424
G1 X95.607 Y107.592 E.01424
G1 X96.029 Y107.894 E.01424
G1 X96.387 Y108.27 E.01424
G1 X96.67 Y108.705 E.01424
G1 X96.867 Y109.185 E.01424
G1 X97.015 Y109.903 E.02013
G1 X97.043 Y109.899 E.00075
G1 X97.055 Y109.947 E.00136
G1 X97.028 Y110.004
M204 T2000
G1 E-.7 F1800
;WIPE_START
G1 X96.989 Y110.178 E-.07205
G1 X96.831 Y110.921 E-.22795
;WIPE_END
G1 X100.645 Y110.79 Z2.4 F9000
G1 X123.364 Y110.004 Z2.4
G1 Z2.2
G1 E1 F2400
M204 P1500
;TYPE:Inner wall
;WIDTH:0.45
G1 F1200
G1 X123.509 Y109.3 E.02131
G3 X125.886 Y107.607 I2.289 J.699 E.09296
G3 X128.191 Y109.869 I-.082 J2.389 E.10506
G1 X128.141 Y110.497 E.01866
G1 X127.935 Y111.081 E.01833
G1 X127.586 Y111.592 E.01833
G1 X127.118 Y111.997 E.01833
G1 X126.562 Y112.268 E.01833
G1 X125.955 Y112.388 E.01833
G1 X125.338 Y112.348 E.01833
G1 X124.751 Y112.151 E.01833
G1 X124.235 Y111.81 E.01833
G1 X123.823 Y111.348 E.01833
G1 X123.543 Y110.796 E.01833
G1 X123.373 Y110.043 E.02287
M204 T800
G1 X123.31 Y110.125 F9000
M204 P800
;TYPE:Outer wall
;WIDTH:0.42
G1 F1200
G1 X122.935 Y109.986
G1 X122.957 Y109.899 E.00246
G1 X122.985 Y109.903 E.00075
G1 X123.133 Y109.185 E.02013
G1 X123.33 Y108.705 E.01424
G1 X123.613 Y108.27 E.01424
G1 X123.971 Y107.894 E.01424
G1 X124.393 Y107.592 E.01424
G1 X124.863 Y107.373 E.01424
G1 X125.366 Y107.245 E.01424
G1 X125.934 Y107.218 E.0156
G1 X126.399 Y107.276 E.01287
G1 X126.893 Y107.434 E.01424
G1 X127.35 Y107.681 E.01424
G1 X127.752 Y108.008 E.01424
G1 X128.088 Y108.404 E.01424
G1 X128.344 Y108.856 E.01424
G1 X128.512 Y109.347 E.01424
G1 X128.585 Y109.857 E.01414
G1 X128.527 Y110.579 E.0199
G1 X128.288 Y111.259 E.01979
G1 X127.882 Y111.855 E.01979
G1 X127.336 Y112.327 E.01979
G1 X126.688 Y112.643 E.01979
G1 X125.981 Y112.782 E.01979
G1 X125.261 Y112.736 E.01979
G1 X124.578 Y112.506 E.01979
G1 X123.976 Y112.109 E.01979
G1 X123.496 Y111.571 E.01979
G1 X123.171 Y110.928 E.01979
G1 X123.011 Y110.178 E.02103
G1 X122.95 Y110.023 E.00458
G1 X122.951 Y109.979
; stop printing object retraction_tower.drc id:4656983854234333253 copy 0
;LAYER_CHANGE
;Z:2.4
;HEIGHT:0.2
G92 E0 ; zero the extruded length again
; BEFORE_LAYER_CHANGE 11 @ 2.4mm
G1 E-.7 F1800
;WIPE_START
G1 X122.957 Y109.899 E-.03723
G1 X122.985 Y109.903 E-.00824
G1 X123.133 Y109.185 E-.21998
G1 X123.176 Y109.078 E-.03456
;WIPE_END
; AFTER_LAYER_CHANGE 11 @ 2.4mm
;_SET_FAN_SPEED_CHANGING_LAYER
; Calib_Retraction_tower: Z_HEIGHT: 2.4, length:1.5
; printing object retraction_tower.drc id:4656983854234333253 copy 0
M204 T2000
G1 E-.5
G1 X119.362 Y109.205 Z2.6 F9000
G1 X96.653 Y109.96 Z2.6
G1 Z2.4
G1 E1.5 F2400
M204 P1500
;TYPE:Inner wall
;WIDTH:0.45
G1 F1200
G3 X96.282 Y110.879 I-54.066 J-21.309 E.02938
G1 X95.913 Y111.371 E.01822
G1 X95.431 Y111.752 E.01822
G1 X94.867 Y111.998 E.01822
G1 X94.26 Y112.092 E.01822
G1 X93.648 Y112.028 E.01822
G1 X93.073 Y111.811 E.01822
G1 X92.573 Y111.454 E.01822
G1 X92.179 Y110.982 E.01822
G1 X91.919 Y110.425 E.01822
G1 X91.81 Y109.821 E.01818
G1 X91.863 Y109.189 E.01877
G1 X92.078 Y108.595 E.01874
G1 X92.442 Y108.078 E.01874
G1 X92.928 Y107.674 E.01874
G1 X93.503 Y107.411 E.01874
G1 X94.127 Y107.309 E.01874
G1 X94.756 Y107.373 E.01874
G1 X95.347 Y107.6 E.01874
G1 X95.857 Y107.974 E.01874
G1 X96.251 Y108.468 E.01874
G1 X96.502 Y109.048 E.01874
G1 X96.609 Y109.786 E.02209
G1 X96.643 Y109.921 E.00414
M204 T800
G1 X96.711 Y109.8 F9000
M204 P800
;TYPE:Outer wall
;WIDTH:0.42
G1 F1200
G1 X97.065 Y109.986
G3 X96.626 Y111.074 I-64.004 J-25.186 E.0322
G1 X96.196 Y111.647 E.01966
G1 X95.634 Y112.091 E.01966
G1 X94.977 Y112.378 E.01966
G1 X94.27 Y112.487 E.01966
G1 X93.557 Y112.413 E.01966
G1 X92.887 Y112.16 E.01966
G1 X92.304 Y111.744 E.01966
G1 X91.845 Y111.193 E.01966
G1 X91.543 Y110.544 E.01966
G1 X91.415 Y109.84 E.01965
G1 X91.476 Y109.105 E.02024
G1 X91.727 Y108.412 E.02023
G1 X92.151 Y107.809 E.02023
G1 X92.718 Y107.339 E.02023
G1 X93.388 Y107.033 E.02023
G1 X94.115 Y106.913 E.02023
G1 X94.482 Y106.951 E.01011
G1 X94.848 Y106.988 E.01011
G1 X95.536 Y107.253 E.02023
G1 X96.131 Y107.688 E.02023
G1 X96.59 Y108.264 E.02023
G1 X96.883 Y108.941 E.02023
G1 X96.994 Y109.709 E.02131
G1 X97.055 Y109.947 E.00675
G1 X96.989 Y110.012
M204 T2000
G1 E-1.05 F1800
;WIPE_START
G1 X96.699 Y110.882 E-.45
;WIPE_END
G1 X100.513 Y110.75 Z2.6 F9000
G1 X123.347 Y109.96 Z2.6
G1 Z2.4
G1 E1.5 F2400
M204 P1500
;TYPE:Inner wall
;WIDTH:0.45
G1 F1200
G1 X123.391 Y109.786 E.00532
G1 X123.498 Y109.048 E.02209
G1 X123.749 Y108.468 E.01874
G1 X124.143 Y107.974 E.01874
G1 X124.653 Y107.6 E.01874
G1 X125.244 Y107.373 E.01874
G1 X125.873 Y107.309 E.01874
G1 X126.497 Y107.411 E.01874
G1 X127.072 Y107.674 E.01874
G1 X127.558 Y108.078 E.01874
G1 X127.922 Y108.595 E.01874
G1 X128.137 Y109.189 E.01874
G1 X128.19 Y109.821 E.01877
G1 X128.081 Y110.425 E.01818
G1 X127.821 Y110.982 E.01822
G1 X127.427 Y111.454 E.01822
G1 X126.927 Y111.811 E.01822
G1 X126.352 Y112.028 E.01822
G1 X125.74 Y112.092 E.01822
G1 X125.133 Y111.998 E.01822
G1 X124.569 Y111.752 E.01822
G1 X124.087 Y111.371 E.01822
G1 X123.718 Y110.879 E.01822
G3 X123.361 Y109.997 I53.636 J-22.205 E.02819
M204 T800
G1 X123.31 Y110.126 F9000
M204 P800
;TYPE:Outer wall
;WIDTH:0.42
G1 F1200
G1 X122.935 Y109.986
G1 X123.006 Y109.709 E.00785
G1 X123.117 Y108.941 E.02131
G1 X123.41 Y108.264 E.02023
G1 X123.869 Y107.688 E.02023
G1 X124.464 Y107.253 E.02023
G1 X125.152 Y106.988 E.02023
G1 X125.885 Y106.913 E.02023
G1 X126.248 Y106.973 E.01011
G1 X126.612 Y107.033 E.01011
G1 X127.282 Y107.339 E.02023
G1 X127.849 Y107.809 E.02023
G1 X128.273 Y108.412 E.02023
G1 X128.524 Y109.105 E.02023
G1 X128.585 Y109.84 E.02024
G1 X128.457 Y110.544 E.01965
G1 X128.155 Y111.193 E.01966
G1 X127.696 Y111.744 E.01966
G1 X127.113 Y112.16 E.01966
G1 X126.443 Y112.413 E.01966
G1 X125.73 Y112.487 E.01966
G1 X125.023 Y112.378 E.01966
G1 X124.366 Y112.091 E.01966
G1 X123.804 Y111.647 E.01966
G1 X123.374 Y111.074 E.01966
G3 X122.95 Y110.023 I63.506 J-26.251 E.03111
G1 X122.985 Y109.958
; stop printing object retraction_tower.drc id:4656983854234333253 copy 0
;LAYER_CHANGE
;Z:2.6
;HEIGHT:0.2
G92 E0 ; zero the extruded length again
; BEFORE_LAYER_CHANGE 12 @ 2.6mm
G1 E-1.05 F1800
;WIPE_START
G1 X123.006 Y109.709 E-.1437
G1 X123.104 Y109.035 E-.3063
;WIPE_END
; AFTER_LAYER_CHANGE 12 @ 2.6mm
;_SET_FAN_SPEED_CHANGING_LAYER
; Calib_Retraction_tower: Z_HEIGHT: 2.6, length:1.5
; printing object retraction_tower.drc id:4656983854234333253 copy 0
M204 T2000
G1 X123.364 Y110.004 Z2.8 F9000
G1 Z2.6
G1 E1.5 F2400
M204 P1500
;TYPE:Inner wall
;WIDTH:0.45
G1 F1200
G1 X123.509 Y109.3 E.02131
G3 X126.301 Y107.659 I2.289 J.7 E.10538
G1 X126.314 Y107.661 E.0004
G3 X128.191 Y109.869 I-.553 J2.371 E.09198
G1 X128.141 Y110.497 E.01866
G1 X127.935 Y111.081 E.01833
G1 X127.586 Y111.592 E.01833
G1 X127.118 Y111.997 E.01833
G1 X126.562 Y112.268 E.01833
G1 X125.955 Y112.388 E.01833
G1 X125.338 Y112.348 E.01833
G1 X124.751 Y112.151 E.01833
G1 X124.235 Y111.81 E.01833
G1 X123.823 Y111.348 E.01833
G1 X123.543 Y110.796 E.01833
G1 X123.373 Y110.043 E.02287
M204 T800
G1 X123.31 Y110.125 F9000
M204 P800
;TYPE:Outer wall
;WIDTH:0.42
G1 F1200
G1 X122.935 Y109.986
G1 X122.957 Y109.899 E.00246
G1 X122.985 Y109.903 E.00078
G1 X123.133 Y109.185 E.02012
G1 X123.33 Y108.705 E.01424
G1 X123.613 Y108.27 E.01424
G1 X123.971 Y107.894 E.01425
G1 X124.393 Y107.592 E.01424
G1 X124.863 Y107.373 E.01423
G1 X125.366 Y107.245 E.01425
G1 X125.884 Y107.212 E.01425
G1 X126.349 Y107.27 E.01286
G1 X126.893 Y107.434 E.0156
G1 X127.35 Y107.681 E.01426
G1 X127.752 Y108.008 E.01422
G1 X128.088 Y108.404 E.01425
G1 X128.344 Y108.856 E.01426
G1 X128.512 Y109.347 E.01424
G1 X128.585 Y109.857 E.01414
G1 X128.527 Y110.579 E.01988
G1 X128.288 Y111.259 E.01978
G1 X127.882 Y111.855 E.01979
G1 X127.336 Y112.327 E.01981
G1 X126.688 Y112.643 E.01979
G1 X125.981 Y112.782 E.01978
G1 X125.261 Y112.736 E.0198
G1 X124.578 Y112.506 E.01978
G1 X123.976 Y112.109 E.01979
G1 X123.8 Y111.912 E.00725
M106 S127
G1 X123.496 Y111.571 E.01254
G1 X123.171 Y110.928 E.01978
G1 X123.011 Y110.178 E.02105
G1 X122.95 Y110.023 E.00457
G1 X122.951 Y109.979
M204 T2000
G1 E-1.05 F1800
;WIPE_START
G1 X122.957 Y109.899 E-.05585
G1 X122.985 Y109.903 E-.01235
G1 X123.133 Y109.185 E-.32996
G1 X123.176 Y109.078 E-.05183
;WIPE_END
G1 X119.363 Y109.211 Z2.8 F9000
G1 X96.636 Y110.004 Z2.8
G1 Z2.6
G1 E1.5 F2400
M204 P1500
;TYPE:Inner wall
;WIDTH:0.45
G1 F1200
G1 X96.457 Y110.796 E.02406
G1 X96.177 Y111.348 E.01833
G1 X95.765 Y111.81 E.01833
G1 X95.249 Y112.151 E.01833
G1 X94.662 Y112.348 E.01833
G1 X94.045 Y112.388 E.01833
G1 X93.438 Y112.268 E.01833
G1 X92.882 Y111.997 E.01833
G1 X92.414 Y111.592 E.01833
G1 X92.065 Y111.081 E.01833
G1 X91.859 Y110.497 E.01833
G1 X91.809 Y109.869 E.01866
G3 X94.559 Y107.633 I2.409 J.153 E.11794
G1 X94.573 Y107.634 E.0004
G3 X96.491 Y109.3 I-.373 J2.366 E.07935
G1 X96.628 Y109.965 E.02012
M204 T800
G1 X96.71 Y109.801 F9000
M204 P800
;TYPE:Outer wall
;WIDTH:0.42
G1 F1200
G1 X97.065 Y109.986
G1 X96.989 Y110.178 E.00567
G1 X96.829 Y110.928 E.02105
G1 X96.504 Y111.571 E.01978
G1 X96.2 Y111.912 E.01254
G1 X96.024 Y112.109 E.00725
G1 X95.422 Y112.506 E.01979
G1 X94.739 Y112.736 E.01978
G1 X94.019 Y112.782 E.0198
G1 X93.312 Y112.643 E.01978
G1 X92.726 Y112.357 E.0179
G1 X92.664 Y112.327 E.00189
G1 X92.118 Y111.855 E.01981
M106 S127
G1 X91.712 Y111.259 E.01979
G1 X91.473 Y110.579 E.01978
G1 X91.415 Y109.857 E.01988
G1 X91.488 Y109.347 E.01414
G1 X91.656 Y108.856 E.01424
G1 X91.912 Y108.404 E.01426
G1 X92.248 Y108.008 E.01425
G1 X92.65 Y107.681 E.01422
G1 X93.107 Y107.434 E.01426
G1 X93.601 Y107.276 E.01424
G1 X94.116 Y107.212 E.01424
G1 X94.584 Y107.242 E.01287
G1 X95.137 Y107.373 E.0156
G1 X95.607 Y107.592 E.01423
G1 X96.029 Y107.894 E.01424
G1 X96.387 Y108.27 E.01425
G1 X96.67 Y108.705 E.01424
G1 X96.867 Y109.185 E.01424
G1 X97.015 Y109.903 E.02012
G1 X97.043 Y109.899 E.00078
G1 X97.055 Y109.947 E.00136
G1 X97.028 Y110.004
; stop printing object retraction_tower.drc id:4656983854234333253 copy 0
;LAYER_CHANGE
;Z:2.8
;HEIGHT:0.2
G92 E0 ; zero the extruded length again
; BEFORE_LAYER_CHANGE 13 @ 2.8mm
G1 E-1.05 F1800
;WIPE_START
G1 X96.989 Y110.178 E-.10807
G1 X96.831 Y110.921 E-.34193
;WIPE_END
; AFTER_LAYER_CHANGE 13 @ 2.8mm
;_SET_FAN_SPEED_CHANGING_LAYER
; Calib_Retraction_tower: Z_HEIGHT: 2.8, length:1.5
; printing object retraction_tower.drc id:4656983854234333253 copy 0
M204 T2000
G1 X100.645 Y110.79 Z3 F9000
G1 X123.364 Y110.004 Z3
G1 Z2.8
G1 E1.5 F2400
M204 P1500
;TYPE:Inner wall
;WIDTH:0.45
G1 F1200
G1 X123.509 Y109.3 E.02131
G3 X126.163 Y107.642 I2.279 J.695 E.10113
G1 X126.314 Y107.661 E.00454
G3 X128.191 Y109.869 I-.553 J2.371 E.09198
G1 X128.141 Y110.497 E.01866
G1 X127.935 Y111.081 E.01833
G1 X127.586 Y111.592 E.01833
G1 X127.118 Y111.997 E.01833
G1 X126.562 Y112.268 E.01833
G1 X125.955 Y112.388 E.01833
G1 X125.338 Y112.348 E.01833
G1 X124.751 Y112.151 E.01833
G1 X124.235 Y111.81 E.01833
G1 X123.823 Y111.348 E.01833
G1 X123.543 Y110.796 E.01833
G1 X123.373 Y110.043 E.02287
M204 T800
G1 X123.31 Y110.125 F9000
M204 P800
;TYPE:Outer wall
;WIDTH:0.42
G1 F1200
G1 X122.935 Y109.986
G1 X122.957 Y109.899 E.00246
G1 X122.985 Y109.903 E.00075
G1 X123.133 Y109.185 E.02013
G1 X123.33 Y108.705 E.01424
G1 X123.613 Y108.27 E.01424
G1 X123.971 Y107.894 E.01424
G1 X124.393 Y107.592 E.01424
G1 X124.863 Y107.373 E.01424
G1 X125.366 Y107.245 E.01424
G1 X125.884 Y107.212 E.01424
G1 X126.211 Y107.253 E.00904
G1 X126.399 Y107.276 E.00521
G1 X126.893 Y107.434 E.01424
G1 X127.35 Y107.681 E.01424
G1 X127.752 Y108.008 E.01424
G1 X128.088 Y108.404 E.01424
G1 X128.344 Y108.856 E.01424
G1 X128.512 Y109.347 E.01424
G1 X128.585 Y109.857 E.01414
G1 X128.527 Y110.579 E.0199
G1 X128.288 Y111.259 E.01979
G1 X127.882 Y111.855 E.01979
G1 X127.336 Y112.327 E.01979
G1 X126.688 Y112.643 E.01979
G1 X125.981 Y112.782 E.01979
G1 X125.261 Y112.736 E.01979
G1 X124.578 Y112.506 E.01979
G1 X123.976 Y112.109 E.01979
G1 X123.496 Y111.571 E.01979
G1 X123.171 Y110.928 E.01979
G1 X123.011 Y110.178 E.02103
G1 X122.95 Y110.023 E.00458
G1 X122.951 Y109.979
M204 T2000
G1 E-1.05 F1800
;WIPE_START
G1 X122.957 Y109.899 E-.05585
G1 X122.985 Y109.903 E-.01235
G1 X123.133 Y109.185 E-.32996
G1 X123.176 Y109.078 E-.05184
;WIPE_END
G1 X119.363 Y109.211 Z3 F9000
G1 X96.636 Y110.004 Z3
G1 Z2.8
G1 E1.5 F2400
M204 P1500
;TYPE:Inner wall
;WIDTH:0.45
G1 F1200
G1 X96.457 Y110.796 E.02406
G1 X96.177 Y111.348 E.01833
G1 X95.765 Y111.81 E.01833
G1 X95.249 Y112.151 E.01833
G1 X94.662 Y112.348 E.01833
G1 X94.045 Y112.388 E.01833
G1 X93.438 Y112.268 E.01833
G1 X92.882 Y111.997 E.01833
G1 X92.414 Y111.592 E.01833
G1 X92.065 Y111.081 E.01833
G1 X91.859 Y110.497 E.01833
G1 X91.809 Y109.869 E.01866
G3 X94.42 Y107.624 I2.397 J.147 E.11376
G1 X94.573 Y107.634 E.00454
G3 X96.491 Y109.3 I-.373 J2.366 E.07935
G1 X96.628 Y109.965 E.02012
M204 T800
G1 X96.71 Y109.801 F9000
M204 P800
;TYPE:Outer wall
;WIDTH:0.42
G1 F1200
G1 X97.065 Y109.986
G1 X96.989 Y110.178 E.00567
G1 X96.829 Y110.928 E.02103
G1 X96.504 Y111.571 E.01979
G1 X96.024 Y112.109 E.01979
G1 X95.422 Y112.506 E.01979
G1 X94.739 Y112.736 E.01979
G1 X94.019 Y112.782 E.01979
G1 X93.312 Y112.643 E.01979
G1 X92.664 Y112.327 E.01979
G1 X92.118 Y111.855 E.01979
G1 X91.712 Y111.259 E.01979
G1 X91.473 Y110.579 E.01979
G1 X91.415 Y109.857 E.0199
G1 X91.488 Y109.347 E.01414
G1 X91.656 Y108.856 E.01424
G1 X91.912 Y108.404 E.01424
G1 X92.248 Y108.008 E.01424
G1 X92.65 Y107.681 E.01424
G1 X93.107 Y107.434 E.01424
G1 X93.601 Y107.276 E.01424
G1 X94.116 Y107.212 E.01424
G1 X94.445 Y107.233 E.00904
G1 X94.634 Y107.245 E.00521
G1 X95.137 Y107.373 E.01424
G1 X95.607 Y107.592 E.01424
G1 X96.029 Y107.894 E.01424
G1 X96.387 Y108.27 E.01424
G1 X96.67 Y108.705 E.01424
G1 X96.867 Y109.185 E.01424
G1 X97.015 Y109.903 E.02013
G1 X97.043 Y109.899 E.00075
G1 X97.055 Y109.947 E.00136
G1 X97.028 Y110.004
; stop printing object retraction_tower.drc id:4656983854234333253 copy 0
;LAYER_CHANGE
;Z:3
;HEIGHT:0.2
G92 E0 ; zero the extruded length again
; BEFORE_LAYER_CHANGE 14 @ 3mm
G1 E-1.05 F1800
;WIPE_START
G1 X96.989 Y110.178 E-.10807
G1 X96.831 Y110.921 E-.34193
;WIPE_END
; AFTER_LAYER_CHANGE 14 @ 3mm
;_SET_FAN_SPEED_CHANGING_LAYER
; Calib_Retraction_tower: Z_HEIGHT: 3, length:1.5
; printing object retraction_tower.drc id:4656983854234333253 copy 0
M204 T2000
G1 X100.645 Y110.79 Z3.2 F9000
G1 X123.364 Y110.004 Z3.2
G1 Z3
G1 E1.5 F2400
M204 P1500
;TYPE:Inner wall
;WIDTH:0.45
G1 F1200
G1 X123.509 Y109.3 E.02131
G3 X126.024 Y107.625 I2.278 J.695 E.09699
G1 X126.314 Y107.661 E.00867
G3 X128.191 Y109.869 I-.553 J2.371 E.09198
G1 X128.141 Y110.497 E.01866
G1 X127.935 Y111.081 E.01833
G1 X127.586 Y111.592 E.01833
G1 X127.118 Y111.997 E.01833
G1 X126.562 Y112.268 E.01833
G1 X125.955 Y112.388 E.01833
G1 X125.338 Y112.348 E.01833
G1 X124.751 Y112.151 E.01833
G1 X124.235 Y111.81 E.01833
G1 X123.823 Y111.348 E.01833
G1 X123.543 Y110.796 E.01833
G1 X123.373 Y110.043 E.02287
M204 T800
G1 X123.31 Y110.125 F9000
M204 P800
;TYPE:Outer wall
;WIDTH:0.42
G1 F1200
G1 X122.935 Y109.986
G1 X122.957 Y109.899 E.00246
G1 X122.985 Y109.903 E.00075
G1 X123.133 Y109.185 E.02013
G1 X123.33 Y108.705 E.01424
G1 X123.613 Y108.27 E.01424
G1 X123.971 Y107.894 E.01424
G1 X124.393 Y107.592 E.01424
G1 X124.863 Y107.373 E.01424
G1 X125.366 Y107.245 E.01424
G1 X125.884 Y107.212 E.01424
G1 X126.072 Y107.236 E.00521
G1 X126.399 Y107.276 E.00904
G1 X126.893 Y107.434 E.01424
G1 X127.35 Y107.681 E.01424
G1 X127.752 Y108.008 E.01424
G1 X128.088 Y108.404 E.01424
G1 X128.344 Y108.856 E.01424
G1 X128.512 Y109.347 E.01424
G1 X128.585 Y109.857 E.01414
G1 X128.527 Y110.579 E.0199
G1 X128.288 Y111.259 E.01979
G1 X127.882 Y111.855 E.01979
G1 X127.336 Y112.327 E.01979
G1 X126.688 Y112.643 E.01979
G1 X125.981 Y112.782 E.01979
G1 X125.261 Y112.736 E.01979
G1 X124.578 Y112.506 E.01979
G1 X123.976 Y112.109 E.01979
G1 X123.496 Y111.571 E.01979
G1 X123.171 Y110.928 E.01979
G1 X123.011 Y110.178 E.02103
G1 X122.95 Y110.023 E.00458
G1 X122.951 Y109.979
M204 T2000
G1 E-1.05 F1800
;WIPE_START
G1 X122.957 Y109.899 E-.05585
G1 X122.985 Y109.903 E-.01235
G1 X123.133 Y109.185 E-.32996
G1 X123.176 Y109.078 E-.05184
;WIPE_END
G1 X119.363 Y109.211 Z3.2 F9000
G1 X96.636 Y110.004 Z3.2
G1 Z3
G1 E1.5 F2400
M204 P1500
;TYPE:Inner wall
;WIDTH:0.45
G1 F1200
G1 X96.457 Y110.796 E.02406
G1 X96.177 Y111.348 E.01833
G1 X95.765 Y111.81 E.01833
G1 X95.249 Y112.151 E.01833
G1 X94.662 Y112.348 E.01833
G1 X94.045 Y112.388 E.01833
G1 X93.438 Y112.268 E.01833
G1 X92.882 Y111.997 E.01833
G1 X92.414 Y111.592 E.01833
G1 X92.065 Y111.081 E.01833
G1 X91.859 Y110.497 E.01833
G1 X91.809 Y109.869 E.01866
G3 X94.281 Y107.615 I2.398 J.147 E.10962
G1 X94.573 Y107.634 E.00867
G3 X96.491 Y109.3 I-.373 J2.366 E.07935
G1 X96.628 Y109.965 E.02012
M204 T800
G1 X96.71 Y109.801 F9000
M204 P800
;TYPE:Outer wall
;WIDTH:0.42
G1 F1200
G1 X97.065 Y109.986
G1 X96.989 Y110.178 E.00567
G1 X96.829 Y110.928 E.02103
G1 X96.504 Y111.571 E.01979
G1 X96.024 Y112.109 E.01979
G1 X95.422 Y112.506 E.01979
G1 X94.739 Y112.736 E.01979
G1 X94.019 Y112.782 E.01979
G1 X93.312 Y112.643 E.01979
G1 X92.664 Y112.327 E.01979
G1 X92.118 Y111.855 E.01979
G1 X91.712 Y111.259 E.01979
G1 X91.473 Y110.579 E.01979
G1 X91.415 Y109.857 E.0199
G1 X91.488 Y109.347 E.01414
G1 X91.656 Y108.856 E.01424
G1 X91.912 Y108.404 E.01424
G1 X92.248 Y108.008 E.01424
G1 X92.65 Y107.681 E.01424
G1 X93.107 Y107.434 E.01424
G1 X93.601 Y107.276 E.01424
G1 X94.116 Y107.212 E.01424
G1 X94.305 Y107.224 E.00521
G1 X94.634 Y107.245 E.00904
G1 X95.137 Y107.373 E.01424
G1 X95.607 Y107.592 E.01424
G1 X96.029 Y107.894 E.01424
G1 X96.387 Y108.27 E.01424
G1 X96.67 Y108.705 E.01424
G1 X96.867 Y109.185 E.01424
G1 X97.015 Y109.903 E.02013
G1 X97.043 Y109.899 E.00075
G1 X97.055 Y109.947 E.00136
G1 X97.028 Y110.004
; stop printing object retraction_tower.drc id:4656983854234333253 copy 0
;LAYER_CHANGE
;Z:3.2
;HEIGHT:0.2
G92 E0 ; zero the extruded length again
; BEFORE_LAYER_CHANGE 15 @ 3.2mm
G1 E-1.05 F1800
;WIPE_START
G1 X96.989 Y110.178 E-.10807
G1 X96.831 Y110.921 E-.34193
;WIPE_END
; AFTER_LAYER_CHANGE 15 @ 3.2mm
;_SET_FAN_SPEED_CHANGING_LAYER
; Calib_Retraction_tower: Z_HEIGHT: 3.2, length:1.5
; printing object retraction_tower.drc id:4656983854234333253 copy 0
M204 T2000
G1 X96.636 Y110.004 Z3.4 F9000
G1 Z3.2
G1 E1.5 F2400
M204 P1500
;TYPE:Inner wall
;WIDTH:0.45
G1 F1200
G1 X96.457 Y110.796 E.02406
G1 X96.177 Y111.348 E.01833
G1 X95.765 Y111.81 E.01833
G1 X95.249 Y112.151 E.01833
G1 X94.662 Y112.348 E.01833
G1 X94.045 Y112.388 E.01833
G1 X93.438 Y112.268 E.01833
G1 X92.882 Y111.997 E.01833
G1 X92.414 Y111.592 E.01833
G1 X92.065 Y111.081 E.01833
G1 X91.859 Y110.497 E.01833
G1 X91.809 Y109.869 E.01866
G3 X94.141 Y107.607 I2.416 J.157 E.10555
G3 X96.491 Y109.3 I.031 J2.434 E.0919
G1 X96.628 Y109.965 E.02012
M204 T800
G1 X96.71 Y109.801 F9000
M204 P800
;TYPE:Outer wall
;WIDTH:0.42
G1 F1200
G1 X97.065 Y109.986
G1 X96.989 Y110.178 E.00567
G1 X96.829 Y110.928 E.02103
G1 X96.504 Y111.571 E.01979
G1 X96.024 Y112.109 E.01979
G1 X95.422 Y112.506 E.01979
G1 X94.739 Y112.736 E.01979
G1 X94.019 Y112.782 E.01979
G1 X93.312 Y112.643 E.01979
G1 X92.664 Y112.327 E.01979
G1 X92.118 Y111.855 E.01979
G1 X91.712 Y111.259 E.01979
G1 X91.473 Y110.579 E.01979
G1 X91.415 Y109.857 E.0199
G1 X91.488 Y109.347 E.01414
G1 X91.656 Y108.856 E.01424
G1 X91.912 Y108.404 E.01424
G1 X92.248 Y108.008 E.01424
G1 X92.65 Y107.681 E.01424
G1 X93.107 Y107.434 E.01424
G1 X93.601 Y107.276 E.01424
G1 X94.166 Y107.215 E.0156
G1 X94.634 Y107.245 E.01287
G1 X95.137 Y107.373 E.01424
G1 X95.607 Y107.592 E.01424
G1 X96.029 Y107.894 E.01424
G1 X96.387 Y108.27 E.01424
G1 X96.67 Y108.705 E.01424
G1 X96.867 Y109.185 E.01424
G1 X97.015 Y109.903 E.02013
G1 X97.043 Y109.899 E.00075
G1 X97.055 Y109.947 E.00136
G1 X97.028 Y110.004
M204 T2000
G1 E-1.05 F1800
;WIPE_START
G1 X96.989 Y110.178 E-.10807
G1 X96.831 Y110.921 E-.34193
;WIPE_END
G1 X100.645 Y110.79 Z3.4 F9000
G1 X123.364 Y110.004 Z3.4
G1 Z3.2
G1 E1.5 F2400
M204 P1500
;TYPE:Inner wall
;WIDTH:0.45
G1 F1200
G1 X123.509 Y109.3 E.02131
G3 X125.886 Y107.607 I2.289 J.699 E.09296
G3 X128.191 Y109.869 I-.082 J2.389 E.10506
G1 X128.141 Y110.497 E.01866
G1 X127.935 Y111.081 E.01833
G1 X127.586 Y111.592 E.01833
G1 X127.118 Y111.997 E.01833
G1 X126.562 Y112.268 E.01833
G1 X125.955 Y112.388 E.01833
G1 X125.338 Y112.348 E.01833
G1 X124.751 Y112.151 E.01833
G1 X124.235 Y111.81 E.01833
G1 X123.823 Y111.348 E.01833
G1 X123.543 Y110.796 E.01833
G1 X123.373 Y110.043 E.02287
M204 T800
G1 X123.31 Y110.125 F9000
M204 P800
;TYPE:Outer wall
;WIDTH:0.42
G1 F1200
G1 X122.935 Y109.986
G1 X122.957 Y109.899 E.00246
G1 X122.985 Y109.903 E.00075
G1 X123.133 Y109.185 E.02013
G1 X123.33 Y108.705 E.01424
G1 X123.613 Y108.27 E.01424
G1 X123.971 Y107.894 E.01424
G1 X124.393 Y107.592 E.01424
G1 X124.863 Y107.373 E.01424
G1 X125.366 Y107.245 E.01424
G1 X125.934 Y107.218 E.0156
G1 X126.399 Y107.276 E.01287
G1 X126.893 Y107.434 E.01424
G1 X127.35 Y107.681 E.01424
G1 X127.752 Y108.008 E.01424
G1 X128.088 Y108.404 E.01424
G1 X128.344 Y108.856 E.01424
G1 X128.512 Y109.347 E.01424
G1 X128.585 Y109.857 E.01414
G1 X128.527 Y110.579 E.0199
G1 X128.288 Y111.259 E.01979
G1 X127.882 Y111.855 E.01979
G1 X127.336 Y112.327 E.01979
G1 X126.688 Y112.643 E.01979
G1 X125.981 Y112.782 E.01979
G1 X125.261 Y112.736 E.01979
G1 X124.578 Y112.506 E.01979
G1 X123.976 Y112.109 E.01979
G1 X123.496 Y111.571 E.01979
G1 X123.171 Y110.928 E.01979
G1 X123.011 Y110.178 E.02103
G1 X122.95 Y110.023 E.00458
G1 X122.951 Y109.979
; stop printing object retraction_tower.drc id:4656983854234333253 copy 0
;LAYER_CHANGE
;Z:3.4
;HEIGHT:0.2
G92 E0 ; zero the extruded length again
; BEFORE_LAYER_CHANGE 16 @ 3.4mm
G1 E-1.05 F1800
;WIPE_START
G1 X122.957 Y109.899 E-.05585
G1 X122.985 Y109.903 E-.01235
G1 X123.133 Y109.185 E-.32996
G1 X123.176 Y109.078 E-.05183
;WIPE_END
; AFTER_LAYER_CHANGE 16 @ 3.4mm
;_SET_FAN_SPEED_CHANGING_LAYER
; Calib_Retraction_tower: Z_HEIGHT: 3.4, length:2
; printing object retraction_tower.drc id:4656983854234333253 copy 0
M204 T2000
G1 X123.347 Y109.96 Z3.6 F9000
G1 Z3.4
G1 E1.5 F2400
M204 P1500
;TYPE:Inner wall
;WIDTH:0.45
G1 F1200
G1 X123.391 Y109.786 E.00532
G1 X123.498 Y109.048 E.02209
G1 X123.749 Y108.468 E.01874
G1 X124.143 Y107.974 E.01874
G1 X124.653 Y107.6 E.01874
G1 X125.244 Y107.373 E.01874
G1 X125.873 Y107.309 E.01874
G1 X126.497 Y107.411 E.01874
G1 X127.072 Y107.674 E.01874
G1 X127.558 Y108.078 E.01874
G1 X127.922 Y108.595 E.01874
G1 X128.137 Y109.189 E.01874
G1 X128.19 Y109.821 E.01877
G1 X128.081 Y110.425 E.01818
G1 X127.821 Y110.982 E.01822
G1 X127.427 Y111.454 E.01822
G1 X126.927 Y111.811 E.01822
G1 X126.352 Y112.028 E.01822
G1 X125.74 Y112.092 E.01822
G1 X125.133 Y111.998 E.01822
G1 X124.569 Y111.752 E.01822
G1 X124.087 Y111.371 E.01822
G1 X123.718 Y110.879 E.01822
G3 X123.361 Y109.997 I53.636 J-22.205 E.02819
M204 T800
G1 X123.31 Y110.126 F9000
M204 P800
;TYPE:Outer wall
;WIDTH:0.42
G1 F1200
G1 X122.935 Y109.986
G1 X123.006 Y109.709 E.00785
G1 X123.117 Y108.941 E.02131
G1 X123.41 Y108.264 E.02023
G1 X123.869 Y107.688 E.02023
G1 X124.464 Y107.253 E.02023
G1 X125.152 Y106.988 E.02023
G1 X125.885 Y106.913 E.02023
G1 X126.248 Y106.973 E.01011
G1 X126.612 Y107.033 E.01011
G1 X127.282 Y107.339 E.02023
G1 X127.849 Y107.809 E.02023
G1 X128.273 Y108.412 E.02023
G1 X128.524 Y109.105 E.02023
G1 X128.585 Y109.84 E.02024
G1 X128.457 Y110.544 E.01965
G1 X128.155 Y111.193 E.01966
G1 X127.696 Y111.744 E.01966
G1 X127.113 Y112.16 E.01966
G1 X126.443 Y112.413 E.01966
G1 X125.73 Y112.487 E.01966
G1 X125.023 Y112.378 E.01966
G1 X124.366 Y112.091 E.01966
G1 X123.804 Y111.647 E.01966
G1 X123.374 Y111.074 E.01966
G3 X122.95 Y110.023 I63.49 J-26.244 E.03111
G1 X122.985 Y109.958
M204 T2000
G1 E-1.4 F1800
;WIPE_START
G1 X123.006 Y109.709 E-.1916
G1 X123.104 Y109.035 E-.4084
;WIPE_END
G1 X119.29 Y109.169 Z3.6 F9000
G1 X96.653 Y109.96 Z3.6
G1 Z3.4
G1 E2 F2400
M204 P1500
;TYPE:Inner wall
;WIDTH:0.45
G1 F1200
G3 X96.282 Y110.879 I-54.071 J-21.311 E.02938
G1 X95.913 Y111.371 E.01822
G1 X95.431 Y111.752 E.01822
G1 X94.867 Y111.998 E.01822
G1 X94.26 Y112.092 E.01822
G1 X93.648 Y112.028 E.01822
G1 X93.073 Y111.811 E.01822
G1 X92.573 Y111.454 E.01822
G1 X92.179 Y110.982 E.01822
G1 X91.919 Y110.425 E.01822
G1 X91.81 Y109.821 E.01818
G1 X91.863 Y109.189 E.01877
G1 X92.078 Y108.595 E.01874
G1 X92.442 Y108.078 E.01874
G1 X92.928 Y107.674 E.01874
G1 X93.503 Y107.411 E.01874
G1 X94.127 Y107.309 E.01874
G1 X94.756 Y107.373 E.01874
G1 X95.347 Y107.6 E.01874
G1 X95.857 Y107.974 E.01874
G1 X96.251 Y108.468 E.01874
G1 X96.502 Y109.048 E.01874
G1 X96.609 Y109.786 E.02209
G1 X96.643 Y109.921 E.00414
M204 T800
G1 X96.711 Y109.8 F9000
M204 P800
;TYPE:Outer wall
;WIDTH:0.42
G1 F1200
G1 X97.065 Y109.986
G3 X96.626 Y111.074 I-64.035 J-25.198 E.0322
G1 X96.196 Y111.647 E.01966
G1 X95.634 Y112.091 E.01966
G1 X94.977 Y112.378 E.01966
G1 X94.27 Y112.487 E.01966
G1 X93.557 Y112.413 E.01966
G1 X92.887 Y112.16 E.01966
G1 X92.304 Y111.744 E.01966
G1 X91.845 Y111.193 E.01966
G1 X91.543 Y110.544 E.01966
G1 X91.415 Y109.84 E.01965
G1 X91.476 Y109.105 E.02024
G1 X91.727 Y108.412 E.02023
G1 X92.151 Y107.809 E.02023
G1 X92.718 Y107.339 E.02023
G1 X93.388 Y107.033 E.02023
G1 X94.115 Y106.913 E.02023
G1 X94.482 Y106.951 E.01011
G1 X94.848 Y106.988 E.01011
G1 X95.536 Y107.253 E.02023
G1 X96.131 Y107.688 E.02023
G1 X96.59 Y108.264 E.02023
G1 X96.883 Y108.941 E.02023
G1 X96.994 Y109.709 E.02131
G1 X97.055 Y109.947 E.00675
G1 X96.989 Y110.012
; stop printing object retraction_tower.drc id:4656983854234333253 copy 0
;LAYER_CHANGE
;Z:3.6
;HEIGHT:0.2
G92 E0 ; zero the extruded length again
; BEFORE_LAYER_CHANGE 17 @ 3.6mm
G1 E-1.4 F1800
;WIPE_START
G1 X96.699 Y110.882 E-.6
;WIPE_END
; AFTER_LAYER_CHANGE 17 @ 3.6mm
;_SET_FAN_SPEED_CHANGING_LAYER
; Calib_Retraction_tower: Z_HEIGHT: 3.6, length:2
; printing object retraction_tower.drc id:4656983854234333253 copy 0
M204 T2000
G1 X100.513 Y110.756 Z3.8 F9000
G1 X123.364 Y110.004 Z3.8
G1 Z3.6
G1 E2 F2400
M204 P1500
;TYPE:Inner wall
;WIDTH:0.45
G1 F1200
G1 X123.509 Y109.3 E.02131
G3 X126.301 Y107.659 I2.289 J.7 E.10538
G1 X126.314 Y107.661 E.0004
G3 X128.191 Y109.869 I-.553 J2.371 E.09198
G1 X128.141 Y110.497 E.01866
G1 X127.935 Y111.081 E.01833
G1 X127.586 Y111.592 E.01833
G1 X127.118 Y111.997 E.01833
G1 X126.562 Y112.268 E.01833
G1 X125.955 Y112.388 E.01833
G1 X125.338 Y112.348 E.01833
G1 X124.751 Y112.151 E.01833
G1 X124.235 Y111.81 E.01833
G1 X123.823 Y111.348 E.01833
G1 X123.543 Y110.796 E.01833
G1 X123.373 Y110.043 E.02287
M204 T800
G1 X123.31 Y110.125 F9000
M204 P800
;TYPE:Outer wall
;WIDTH:0.42
G1 F1200
G1 X122.935 Y109.986
G1 X122.957 Y109.899 E.00246
G1 X122.985 Y109.903 E.00078
G1 X123.133 Y109.185 E.02012
G1 X123.33 Y108.705 E.01424
G1 X123.613 Y108.27 E.01424
G1 X123.971 Y107.894 E.01425
G1 X124.393 Y107.592 E.01424
G1 X124.863 Y107.373 E.01423
G1 X125.366 Y107.245 E.01425
G1 X125.884 Y107.212 E.01425
G1 X126.349 Y107.27 E.01286
G1 X126.893 Y107.434 E.0156
G1 X127.35 Y107.681 E.01426
G1 X127.752 Y108.008 E.01422
G1 X128.088 Y108.404 E.01425
G1 X128.344 Y108.856 E.01426
G1 X128.512 Y109.347 E.01424
G1 X128.585 Y109.857 E.01414
G1 X128.527 Y110.579 E.01988
G1 X128.288 Y111.259 E.01978
G1 X127.882 Y111.855 E.01979
G1 X127.336 Y112.327 E.01981
G1 X126.688 Y112.643 E.01979
G1 X125.981 Y112.782 E.01978
G1 X125.261 Y112.736 E.0198
G1 X124.578 Y112.506 E.01978
G1 X123.976 Y112.109 E.01979
G1 X123.8 Y111.912 E.00725
M106 S127
G1 X123.496 Y111.571 E.01254
G1 X123.171 Y110.928 E.01978
G1 X123.011 Y110.178 E.02105
G1 X122.95 Y110.023 E.00457
G1 X122.951 Y109.979
M204 T2000
G1 E-1.4 F1800
;WIPE_START
G1 X122.957 Y109.899 E-.07447
G1 X122.985 Y109.903 E-.01647
G1 X123.133 Y109.185 E-.43994
G1 X123.176 Y109.078 E-.06911
;WIPE_END
G1 X119.363 Y109.211 Z3.8 F9000
G1 X96.636 Y110.004 Z3.8
G1 Z3.6
G1 E2 F2400
M204 P1500
;TYPE:Inner wall
;WIDTH:0.45
G1 F1200
G1 X96.457 Y110.796 E.02406
G1 X96.177 Y111.348 E.01833
G1 X95.765 Y111.81 E.01833
G1 X95.249 Y112.151 E.01833
G1 X94.662 Y112.348 E.01833
G1 X94.045 Y112.388 E.01833
G1 X93.438 Y112.268 E.01833
G1 X92.882 Y111.997 E.01833
G1 X92.414 Y111.592 E.01833
G1 X92.065 Y111.081 E.01833
G1 X91.859 Y110.497 E.01833
G1 X91.809 Y109.869 E.01866
G3 X94.559 Y107.633 I2.409 J.153 E.11794
G1 X94.573 Y107.634 E.0004
G3 X96.491 Y109.3 I-.373 J2.366 E.07935
G1 X96.628 Y109.965 E.02012
M204 T800
G1 X96.71 Y109.801 F9000
M204 P800
;TYPE:Outer wall
;WIDTH:0.42
G1 F1200
G1 X97.065 Y109.986
G1 X96.989 Y110.178 E.00567
G1 X96.829 Y110.928 E.02105
G1 X96.504 Y111.571 E.01978
G1 X96.2 Y111.912 E.01254
G1 X96.024 Y112.109 E.00725
G1 X95.422 Y112.506 E.01979
G1 X94.739 Y112.736 E.01978
G1 X94.019 Y112.782 E.0198
G1 X93.312 Y112.643 E.01978
G1 X92.726 Y112.357 E.0179
G1 X92.664 Y112.327 E.00189
G1 X92.118 Y111.855 E.01981
M106 S127
G1 X91.712 Y111.259 E.01979
G1 X91.473 Y110.579 E.01978
G1 X91.415 Y109.857 E.01988
G1 X91.488 Y109.347 E.01414
G1 X91.656 Y108.856 E.01424
G1 X91.912 Y108.404 E.01426
G1 X92.248 Y108.008 E.01425
G1 X92.65 Y107.681 E.01422
G1 X93.107 Y107.434 E.01426
G1 X93.601 Y107.276 E.01424
G1 X94.116 Y107.212 E.01424
G1 X94.584 Y107.242 E.01287
G1 X95.137 Y107.373 E.0156
G1 X95.607 Y107.592 E.01423
G1 X96.029 Y107.894 E.01424
G1 X96.387 Y108.27 E.01425
G1 X96.67 Y108.705 E.01424
G1 X96.867 Y109.185 E.01424
G1 X97.015 Y109.903 E.02012
G1 X97.043 Y109.899 E.00078
G1 X97.055 Y109.947 E.00136
G1 X97.028 Y110.004
; stop printing object retraction_tower.drc id:4656983854234333253 copy 0
;LAYER_CHANGE
;Z:3.8
;HEIGHT:0.2
G92 E0 ; zero the extruded length again
; BEFORE_LAYER_CHANGE 18 @ 3.8mm
G1 E-1.4 F1800
;WIPE_START
G1 X96.989 Y110.178 E-.14409
G1 X96.831 Y110.921 E-.45591
;WIPE_END
; AFTER_LAYER_CHANGE 18 @ 3.8mm
;_SET_FAN_SPEED_CHANGING_LAYER
; Calib_Retraction_tower: Z_HEIGHT: 3.8, length:2
; printing object retraction_tower.drc id:4656983854234333253 copy 0
M204 T2000
G1 X100.645 Y110.79 Z4 F9000
G1 X123.364 Y110.004 Z4
G1 Z3.8
G1 E2 F2400
M204 P1500
;TYPE:Inner wall
;WIDTH:0.45
G1 F1200
G1 X123.509 Y109.3 E.02131
G3 X126.163 Y107.642 I2.279 J.695 E.10113
G1 X126.314 Y107.661 E.00454
G3 X128.191 Y109.869 I-.553 J2.371 E.09198
G1 X128.141 Y110.497 E.01866
G1 X127.935 Y111.081 E.01833
G1 X127.586 Y111.592 E.01833
G1 X127.118 Y111.997 E.01833
G1 X126.562 Y112.268 E.01833
G1 X125.955 Y112.388 E.01833
G1 X125.338 Y112.348 E.01833
G1 X124.751 Y112.151 E.01833
G1 X124.235 Y111.81 E.01833
G1 X123.823 Y111.348 E.01833
G1 X123.543 Y110.796 E.01833
G1 X123.373 Y110.043 E.02287
M204 T800
G1 X123.31 Y110.125 F9000
M204 P800
;TYPE:Outer wall
;WIDTH:0.42
G1 F1200
G1 X122.935 Y109.986
G1 X122.957 Y109.899 E.00246
G1 X122.985 Y109.903 E.00075
G1 X123.133 Y109.185 E.02013
G1 X123.33 Y108.705 E.01424
G1 X123.613 Y108.27 E.01424
G1 X123.971 Y107.894 E.01424
G1 X124.393 Y107.592 E.01424
G1 X124.863 Y107.373 E.01424
G1 X125.366 Y107.245 E.01424
G1 X125.884 Y107.212 E.01424
G1 X126.211 Y107.253 E.00904
G1 X126.399 Y107.276 E.00521
G1 X126.893 Y107.434 E.01424
G1 X127.35 Y107.681 E.01424
G1 X127.752 Y108.008 E.01424
G1 X128.088 Y108.404 E.01424
G1 X128.344 Y108.856 E.01424
G1 X128.512 Y109.347 E.01424
G1 X128.585 Y109.857 E.01414
G1 X128.527 Y110.579 E.0199
G1 X128.288 Y111.259 E.01979
G1 X127.882 Y111.855 E.01979
G1 X127.336 Y112.327 E.01979
G1 X126.688 Y112.643 E.01979
G1 X125.981 Y112.782 E.01979
G1 X125.261 Y112.736 E.01979
G1 X124.578 Y112.506 E.01979
G1 X123.976 Y112.109 E.01979
G1 X123.496 Y111.571 E.01979
G1 X123.171 Y110.928 E.01979
G1 X123.011 Y110.178 E.02103
G1 X122.95 Y110.023 E.00458
G1 X122.951 Y109.979
M204 T2000
G1 E-1.4 F1800
;WIPE_START
G1 X122.957 Y109.899 E-.07447
G1 X122.985 Y109.903 E-.01647
G1 X123.133 Y109.185 E-.43994
G1 X123.176 Y109.078 E-.06911
;WIPE_END
G1 X119.363 Y109.211 Z4 F9000
G1 X96.636 Y110.004 Z4
G1 Z3.8
G1 E2 F2400
M204 P1500
;TYPE:Inner wall
;WIDTH:0.45
G1 F1200
G1 X96.457 Y110.796 E.02406
G1 X96.177 Y111.348 E.01833
G1 X95.765 Y111.81 E.01833
G1 X95.249 Y112.151 E.01833
G1 X94.662 Y112.348 E.01833
G1 X94.045 Y112.388 E.01833
G1 X93.438 Y112.268 E.01833
G1 X92.882 Y111.997 E.01833
G1 X92.414 Y111.592 E.01833
G1 X92.065 Y111.081 E.01833
G1 X91.859 Y110.497 E.01833
G1 X91.809 Y109.869 E.01866
G3 X94.42 Y107.624 I2.397 J.147 E.11376
G1 X94.573 Y107.634 E.00454
G3 X96.491 Y109.3 I-.373 J2.366 E.07935
G1 X96.628 Y109.965 E.02012
M204 T800
G1 X96.71 Y109.801 F9000
M204 P800
;TYPE:Outer wall
;WIDTH:0.42
G1 F1200
G1 X97.065 Y109.986
G1 X96.989 Y110.178 E.00567
G1 X96.829 Y110.928 E.02103
G1 X96.504 Y111.571 E.01979
G1 X96.024 Y112.109 E.01979
G1 X95.422 Y112.506 E.01979
G1 X94.739 Y112.736 E.01979
G1 X94.019 Y112.782 E.01979
G1 X93.312 Y112.643 E.01979
G1 X92.664 Y112.327 E.01979
G1 X92.118 Y111.855 E.01979
G1 X91.712 Y111.259 E.01979
G1 X91.473 Y110.579 E.01979
G1 X91.415 Y109.857 E.0199
G1 X91.488 Y109.347 E.01414
G1 X91.656 Y108.856 E.01424
G1 X91.912 Y108.404 E.01424
G1 X92.248 Y108.008 E.01424
G1 X92.65 Y107.681 E.01424
G1 X93.107 Y107.434 E.01424
G1 X93.601 Y107.276 E.01424
G1 X94.116 Y107.212 E.01424
G1 X94.445 Y107.233 E.00904
G1 X94.634 Y107.245 E.00521
G1 X95.137 Y107.373 E.01424
G1 X95.607 Y107.592 E.01424
G1 X96.029 Y107.894 E.01424
G1 X96.387 Y108.27 E.01424
G1 X96.67 Y108.705 E.01424
G1 X96.867 Y109.185 E.01424
G1 X97.015 Y109.903 E.02013
G1 X97.043 Y109.899 E.00075
G1 X97.055 Y109.947 E.00136
G1 X97.028 Y110.004
; stop printing object retraction_tower.drc id:4656983854234333253 copy 0
;LAYER_CHANGE
;Z:4
;HEIGHT:0.2
G92 E0 ; zero the extruded length again
; BEFORE_LAYER_CHANGE 19 @ 4mm
G1 E-1.4 F1800
;WIPE_START
G1 X96.989 Y110.178 E-.1441
G1 X96.831 Y110.921 E-.4559
;WIPE_END
; AFTER_LAYER_CHANGE 19 @ 4mm
;_SET_FAN_SPEED_CHANGING_LAYER
; Calib_Retraction_tower: Z_HEIGHT: 4, length:2
; printing object retraction_tower.drc id:4656983854234333253 copy 0
M204 T2000
G1 X100.645 Y110.79 Z4.2 F9000
G1 X123.364 Y110.004 Z4.2
G1 Z4
G1 E2 F2400
M204 P1500
;TYPE:Inner wall
;WIDTH:0.45
G1 F1200
G1 X123.509 Y109.3 E.02131
G3 X126.024 Y107.625 I2.278 J.695 E.09699
G1 X126.314 Y107.661 E.00867
G3 X128.191 Y109.869 I-.553 J2.371 E.09198
G1 X128.141 Y110.497 E.01866
G1 X127.935 Y111.081 E.01833
G1 X127.586 Y111.592 E.01833
G1 X127.118 Y111.997 E.01833
G1 X126.562 Y112.268 E.01833
G1 X125.955 Y112.388 E.01833
G1 X125.338 Y112.348 E.01833
G1 X124.751 Y112.151 E.01833
G1 X124.235 Y111.81 E.01833
G1 X123.823 Y111.348 E.01833
G1 X123.543 Y110.796 E.01833
G1 X123.373 Y110.043 E.02287
M204 T800
G1 X123.31 Y110.125 F9000
M204 P800
;TYPE:Outer wall
;WIDTH:0.42
G1 F1200
G1 X122.935 Y109.986
G1 X122.957 Y109.899 E.00246
G1 X122.985 Y109.903 E.00075
G1 X123.133 Y109.185 E.02013
G1 X123.33 Y108.705 E.01424
G1 X123.613 Y108.27 E.01424
G1 X123.971 Y107.894 E.01424
G1 X124.393 Y107.592 E.01424
G1 X124.863 Y107.373 E.01424
G1 X125.366 Y107.245 E.01424
G1 X125.884 Y107.212 E.01424
G1 X126.072 Y107.236 E.00521
G1 X126.399 Y107.276 E.00904
G1 X126.893 Y107.434 E.01424
G1 X127.35 Y107.681 E.01424
G1 X127.752 Y108.008 E.01424
G1 X128.088 Y108.404 E.01424
G1 X128.344 Y108.856 E.01424
G1 X128.512 Y109.347 E.01424
G1 X128.585 Y109.857 E.01414
G1 X128.527 Y110.579 E.0199
G1 X128.288 Y111.259 E.01979
G1 X127.882 Y111.855 E.01979
G1 X127.336 Y112.327 E.01979
G1 X126.688 Y112.643 E.01979
G1 X125.981 Y112.782 E.01979
G1 X125.261 Y112.736 E.01979
G1 X124.578 Y112.506 E.01979
G1 X123.976 Y112.109 E.01979
G1 X123.496 Y111.571 E.01979
G1 X123.171 Y110.928 E.01979
G1 X123.011 Y110.178 E.02103
G1 X122.95 Y110.023 E.00458
G1 X122.951 Y109.979
M204 T2000
G1 E-1.4 F1800
;WIPE_START
G1 X122.957 Y109.899 E-.07447
G1 X122.985 Y109.903 E-.01647
G1 X123.133 Y109.185 E-.43994
G1 X123.176 Y109.078 E-.06911
;WIPE_END
G1 X119.363 Y109.211 Z4.2 F9000
G1 X96.636 Y110.004 Z4.2
G1 Z4
G1 E2 F2400
M204 P1500
;TYPE:Inner wall
;WIDTH:0.45
G1 F1200
G1 X96.457 Y110.796 E.02406
G1 X96.177 Y111.348 E.01833
G1 X95.765 Y111.81 E.01833
G1 X95.249 Y112.151 E.01833
G1 X94.662 Y112.348 E.01833
G1 X94.045 Y112.388 E.01833
G1 X93.438 Y112.268 E.01833
G1 X92.882 Y111.997 E.01833
G1 X92.414 Y111.592 E.01833
G1 X92.065 Y111.081 E.01833
G1 X91.859 Y110.497 E.01833
G1 X91.809 Y109.869 E.01866
G3 X94.281 Y107.615 I2.398 J.147 E.10962
G1 X94.573 Y107.634 E.00867
G3 X96.491 Y109.3 I-.373 J2.366 E.07935
G1 X96.628 Y109.965 E.02012
M204 T800
G1 X96.71 Y109.801 F9000
M204 P800
;TYPE:Outer wall
;WIDTH:0.42
G1 F1200
G1 X97.065 Y109.986
G1 X96.989 Y110.178 E.00567
G1 X96.829 Y110.928 E.02103
G1 X96.504 Y111.571 E.01979
G1 X96.024 Y112.109 E.01979
G1 X95.422 Y112.506 E.01979
G1 X94.739 Y112.736 E.01979
G1 X94.019 Y112.782 E.01979
G1 X93.312 Y112.643 E.01979
G1 X92.664 Y112.327 E.01979
G1 X92.118 Y111.855 E.01979
G1 X91.712 Y111.259 E.01979
G1 X91.473 Y110.579 E.01979
G1 X91.415 Y109.857 E.0199
G1 X91.488 Y109.347 E.01414
G1 X91.656 Y108.856 E.01424
G1 X91.912 Y108.404 E.01424
G1 X92.248 Y108.008 E.01424
G1 X92.65 Y107.681 E.01424
G1 X93.107 Y107.434 E.01424
G1 X93.601 Y107.276 E.01424
G1 X94.116 Y107.212 E.01424
G1 X94.305 Y107.224 E.00521
G1 X94.634 Y107.245 E.00904
G1 X95.137 Y107.373 E.01424
G1 X95.607 Y107.592 E.01424
G1 X96.029 Y107.894 E.01424
G1 X96.387 Y108.27 E.01424
G1 X96.67 Y108.705 E.01424
G1 X96.867 Y109.185 E.01424
G1 X97.015 Y109.903 E.02013
G1 X97.043 Y109.899 E.00075
G1 X97.055 Y109.947 E.00136
G1 X97.028 Y110.004
; stop printing object retraction_tower.drc id:4656983854234333253 copy 0
;LAYER_CHANGE
;Z:4.2
;HEIGHT:0.2
G92 E0 ; zero the extruded length again
; BEFORE_LAYER_CHANGE 20 @ 4.2mm
G1 E-1.4 F1800
;WIPE_START
G1 X96.989 Y110.178 E-.1441
G1 X96.831 Y110.921 E-.4559
;WIPE_END
; AFTER_LAYER_CHANGE 20 @ 4.2mm
;_SET_FAN_SPEED_CHANGING_LAYER
; Calib_Retraction_tower: Z_HEIGHT: 4.2, length:2
; printing object retraction_tower.drc id:4656983854234333253 copy 0
M204 T2000
G1 X96.636 Y110.004 Z4.4 F9000
G1 Z4.2
G1 E2 F2400
M204 P1500
;TYPE:Inner wall
;WIDTH:0.45
G1 F1200
G1 X96.457 Y110.796 E.02406
G1 X96.177 Y111.348 E.01833
G1 X95.765 Y111.81 E.01833
G1 X95.249 Y112.151 E.01833
G1 X94.662 Y112.348 E.01833
G1 X94.045 Y112.388 E.01833
G1 X93.438 Y112.268 E.01833
G1 X92.882 Y111.997 E.01833
G1 X92.414 Y111.592 E.01833
G1 X92.065 Y111.081 E.01833
G1 X91.859 Y110.497 E.01833
G1 X91.809 Y109.869 E.01866
G3 X94.141 Y107.607 I2.416 J.157 E.10555
G3 X96.491 Y109.3 I.031 J2.434 E.0919
G1 X96.628 Y109.965 E.02012
M204 T800
G1 X96.71 Y109.801 F9000
M204 P800
;TYPE:Outer wall
;WIDTH:0.42
G1 F1200
G1 X97.065 Y109.986
G1 X96.989 Y110.178 E.00567
G1 X96.829 Y110.928 E.02103
G1 X96.504 Y111.571 E.01979
G1 X96.024 Y112.109 E.01979
G1 X95.422 Y112.506 E.01979
G1 X94.739 Y112.736 E.01979
G1 X94.019 Y112.782 E.01979
G1 X93.312 Y112.643 E.01979
G1 X92.664 Y112.327 E.01979
G1 X92.118 Y111.855 E.01979
G1 X91.712 Y111.259 E.01979
G1 X91.473 Y110.579 E.01979
G1 X91.415 Y109.857 E.0199
G1 X91.488 Y109.347 E.01414
G1 X91.656 Y108.856 E.01424
G1 X91.912 Y108.404 E.01424
G1 X92.248 Y108.008 E.01424
G1 X92.65 Y107.681 E.01424
G1 X93.107 Y107.434 E.01424
G1 X93.601 Y107.276 E.01424
G1 X94.166 Y107.215 E.0156
G1 X94.634 Y107.245 E.01287
G1 X95.137 Y107.373 E.01424
G1 X95.607 Y107.592 E.01424
G1 X96.029 Y107.894 E.01424
G1 X96.387 Y108.27 E.01424
G1 X96.67 Y108.705 E.01424
G1 X96.867 Y109.185 E.01424
G1 X97.015 Y109.903 E.02013
G1 X97.043 Y109.899 E.00075
G1 X97.055 Y109.947 E.00136
G1 X97.028 Y110.004
M204 T2000
G1 E-1.4 F1800
;WIPE_START
G1 X96.989 Y110.178 E-.1441
G1 X96.831 Y110.921 E-.4559
;WIPE_END
G1 X100.645 Y110.79 Z4.4 F9000
G1 X123.364 Y110.004 Z4.4
G1 Z4.2
G1 E2 F2400
M204 P1500
;TYPE:Inner wall
;WIDTH:0.45
G1 F1200
G1 X123.509 Y109.3 E.02131
G3 X125.886 Y107.607 I2.289 J.699 E.09296
G3 X128.191 Y109.869 I-.082 J2.389 E.10506
G1 X128.141 Y110.497 E.01866
G1 X127.935 Y111.081 E.01833
G1 X127.586 Y111.592 E.01833
G1 X127.118 Y111.997 E.01833
G1 X126.562 Y112.268 E.01833
G1 X125.955 Y112.388 E.01833
G1 X125.338 Y112.348 E.01833
G1 X124.751 Y112.151 E.01833
G1 X124.235 Y111.81 E.01833
G1 X123.823 Y111.348 E.01833
G1 X123.543 Y110.796 E.01833
G1 X123.373 Y110.043 E.02287
M204 T800
G1 X123.31 Y110.125 F9000
M204 P800
;TYPE:Outer wall
;WIDTH:0.42
G1 F1200
G1 X122.935 Y109.986
G1 X122.957 Y109.899 E.00246
G1 X122.985 Y109.903 E.00075
G1 X123.133 Y109.185 E.02013
G1 X123.33 Y108.705 E.01424
G1 X123.613 Y108.27 E.01424
G1 X123.971 Y107.894 E.01424
G1 X124.393 Y107.592 E.01424
G1 X124.863 Y107.373 E.01424
G1 X125.366 Y107.245 E.01424
G1 X125.934 Y107.218 E.0156
G1 X126.399 Y107.276 E.01287
G1 X126.893 Y107.434 E.01424
G1 X127.35 Y107.681 E.01424
G1 X127.752 Y108.008 E.01424
G1 X128.088 Y108.404 E.01424
G1 X128.344 Y108.856 E.01424
G1 X128.512 Y109.347 E.01424
G1 X128.585 Y109.857 E.01414
G1 X128.527 Y110.579 E.0199
G1 X128.288 Y111.259 E.01979
G1 X127.882 Y111.855 E.01979
G1 X127.336 Y112.327 E.01979
G1 X126.688 Y112.643 E.01979
G1 X125.981 Y112.782 E.01979
G1 X125.261 Y112.736 E.01979
G1 X124.578 Y112.506 E.01979
G1 X123.976 Y112.109 E.01979
G1 X123.496 Y111.571 E.01979
G1 X123.171 Y110.928 E.01979
G1 X123.011 Y110.178 E.02103
G1 X122.95 Y110.023 E.00458
G1 X122.951 Y109.979
; stop printing object retraction_tower.drc id:4656983854234333253 copy 0
;LAYER_CHANGE
;Z:4.4
;HEIGHT:0.2
G92 E0 ; zero the extruded length again
; BEFORE_LAYER_CHANGE 21 @ 4.4mm
G1 E-1.4 F1800
;WIPE_START
G1 X122.957 Y109.899 E-.07446
G1 X122.985 Y109.903 E-.01647
G1 X123.133 Y109.185 E-.43995
G1 X123.176 Y109.078 E-.06911
;WIPE_END
; AFTER_LAYER_CHANGE 21 @ 4.4mm
;_SET_FAN_SPEED_CHANGING_LAYER
; Calib_Retraction_tower: Z_HEIGHT: 4.4, length:2.5
; printing object retraction_tower.drc id:4656983854234333253 copy 0
M204 T2000
G1 X123.347 Y109.96 Z4.6 F9000
G1 Z4.4
G1 E2 F2400
M204 P1500
;TYPE:Inner wall
;WIDTH:0.45
G1 F1200
G1 X123.391 Y109.786 E.00532
G1 X123.498 Y109.048 E.02209
G1 X123.749 Y108.468 E.01874
G1 X124.143 Y107.974 E.01874
G1 X124.653 Y107.6 E.01874
G1 X125.244 Y107.373 E.01874
G1 X125.873 Y107.309 E.01874
G1 X126.497 Y107.411 E.01874
G1 X127.072 Y107.674 E.01874
G1 X127.558 Y108.078 E.01874
G1 X127.922 Y108.595 E.01874
G1 X128.137 Y109.189 E.01874
G1 X128.19 Y109.821 E.01877
G1 X128.081 Y110.425 E.01818
G1 X127.821 Y110.982 E.01822
G1 X127.427 Y111.454 E.01822
G1 X126.927 Y111.811 E.01822
G1 X126.352 Y112.028 E.01822
G1 X125.74 Y112.092 E.01822
G1 X125.133 Y111.998 E.01822
G1 X124.569 Y111.752 E.01822
G1 X124.087 Y111.371 E.01822
G1 X123.718 Y110.879 E.01822
G3 X123.361 Y109.997 I53.636 J-22.205 E.02819
M204 T800
G1 X123.31 Y110.126 F9000
M204 P800
;TYPE:Outer wall
;WIDTH:0.42
G1 F1200
G1 X122.935 Y109.986
G1 X123.006 Y109.709 E.00785
G1 X123.117 Y108.941 E.02131
G1 X123.41 Y108.264 E.02023
G1 X123.869 Y107.688 E.02023
G1 X124.464 Y107.253 E.02023
G1 X125.152 Y106.988 E.02023
G1 X125.885 Y106.913 E.02023
G1 X126.248 Y106.973 E.01011
G1 X126.612 Y107.033 E.01011
G1 X127.282 Y107.339 E.02023
G1 X127.849 Y107.809 E.02023
G1 X128.273 Y108.412 E.02023
G1 X128.524 Y109.105 E.02023
G1 X128.585 Y109.84 E.02024
G1 X128.457 Y110.544 E.01965
G1 X128.155 Y111.193 E.01966
G1 X127.696 Y111.744 E.01966
G1 X127.113 Y112.16 E.01966
G1 X126.443 Y112.413 E.01966
G1 X125.73 Y112.487 E.01966
G1 X125.023 Y112.378 E.01966
G1 X124.366 Y112.091 E.01966
G1 X123.804 Y111.647 E.01966
G1 X123.374 Y111.074 E.01966
G3 X122.95 Y110.023 I63.506 J-26.251 E.03111
G1 X122.985 Y109.958
M204 T2000
G1 E-1.75 F1800
;WIPE_START
G1 X123.006 Y109.709 E-.2395
G1 X123.104 Y109.035 E-.5105
;WIPE_END
G1 X119.29 Y109.169 Z4.6 F9000
G1 X96.653 Y109.96 Z4.6
G1 Z4.4
G1 E2.5 F2400
M204 P1500
;TYPE:Inner wall
;WIDTH:0.45
G1 F1200
G3 X96.282 Y110.879 I-54.113 J-21.328 E.02937
G1 X95.913 Y111.371 E.01822
G1 X95.431 Y111.752 E.01822
G1 X94.867 Y111.998 E.01822
G1 X94.26 Y112.092 E.01822
G1 X93.648 Y112.028 E.01822
G1 X93.073 Y111.811 E.01822
G1 X92.573 Y111.454 E.01822
G1 X92.179 Y110.982 E.01822
G1 X91.919 Y110.425 E.01822
G1 X91.81 Y109.821 E.01818
G1 X91.863 Y109.189 E.01877
G1 X92.078 Y108.595 E.01874
G1 X92.442 Y108.078 E.01874
G1 X92.928 Y107.674 E.01874
G1 X93.503 Y107.411 E.01874
G1 X94.127 Y107.309 E.01874
G1 X94.442 Y107.341 E.00937
G1 X94.756 Y107.373 E.00937
G1 X95.347 Y107.6 E.01874
G1 X95.857 Y107.974 E.01874
G1 X96.251 Y108.468 E.01874
G1 X96.502 Y109.048 E.01874
G1 X96.609 Y109.786 E.02209
G1 X96.643 Y109.921 E.00414
M204 T800
G1 X96.711 Y109.8 F9000
M204 P800
;TYPE:Outer wall
;WIDTH:0.42
G1 F1200
G1 X97.065 Y109.986
G3 X96.626 Y111.074 I-64.051 J-25.205 E.0322
G1 X96.196 Y111.647 E.01966
G1 X95.634 Y112.091 E.01966
G1 X94.977 Y112.378 E.01966
G1 X94.27 Y112.487 E.01966
G1 X93.557 Y112.413 E.01966
G1 X92.887 Y112.16 E.01966
G1 X92.304 Y111.744 E.01966
G1 X91.845 Y111.193 E.01966
G1 X91.543 Y110.544 E.01966
G1 X91.415 Y109.84 E.01965
G1 X91.476 Y109.105 E.02024
G1 X91.727 Y108.412 E.02023
G1 X92.151 Y107.809 E.02023
G1 X92.718 Y107.339 E.02023
G1 X93.388 Y107.033 E.02023
G1 X94.115 Y106.913 E.02023
G1 X94.482 Y106.951 E.01011
G1 X94.848 Y106.988 E.01011
G1 X95.536 Y107.253 E.02023
G1 X96.131 Y107.688 E.02023
G1 X96.59 Y108.264 E.02023
G1 X96.883 Y108.941 E.02023
G1 X96.994 Y109.709 E.02131
G1 X97.055 Y109.947 E.00675
G1 X96.989 Y110.012
; stop printing object retraction_tower.drc id:4656983854234333253 copy 0
;LAYER_CHANGE
;Z:4.6
;HEIGHT:0.2
G92 E0 ; zero the extruded length again
; BEFORE_LAYER_CHANGE 22 @ 4.6mm
G1 E-1.75 F1800
;WIPE_START
G1 X96.699 Y110.882 E-.75
;WIPE_END
; AFTER_LAYER_CHANGE 22 @ 4.6mm
;_SET_FAN_SPEED_CHANGING_LAYER
; Calib_Retraction_tower: Z_HEIGHT: 4.6, length:2.5
; printing object retraction_tower.drc id:4656983854234333253 copy 0
M204 T2000
G1 X100.513 Y110.756 Z4.8 F9000
G1 X123.364 Y110.004 Z4.8
G1 Z4.6
G1 E2.5 F2400
M204 P1500
;TYPE:Inner wall
;WIDTH:0.45
G1 F1200
G1 X123.509 Y109.3 E.02131
G3 X126.301 Y107.659 I2.289 J.7 E.10538
G1 X126.314 Y107.661 E.0004
G3 X128.191 Y109.869 I-.553 J2.371 E.09198
G1 X128.141 Y110.497 E.01866
G1 X127.935 Y111.081 E.01833
G1 X127.586 Y111.592 E.01833
G1 X127.118 Y111.997 E.01833
G1 X126.562 Y112.268 E.01833
G1 X125.955 Y112.388 E.01833
G1 X125.338 Y112.348 E.01833
G1 X124.751 Y112.151 E.01833
G1 X124.235 Y111.81 E.01833
G1 X123.823 Y111.348 E.01833
G1 X123.543 Y110.796 E.01833
G1 X123.373 Y110.043 E.02287
M204 T800
G1 X123.31 Y110.125 F9000
M204 P800
;TYPE:Outer wall
;WIDTH:0.42
G1 F1200
G1 X122.935 Y109.986
G1 X122.957 Y109.899 E.00246
G1 X122.985 Y109.903 E.00078
G1 X123.133 Y109.185 E.02012
G1 X123.33 Y108.705 E.01424
G1 X123.613 Y108.27 E.01424
G1 X123.971 Y107.894 E.01425
G1 X124.393 Y107.592 E.01424
G1 X124.863 Y107.373 E.01423
G1 X125.366 Y107.245 E.01425
G1 X125.884 Y107.212 E.01425
G1 X126.349 Y107.27 E.01286
G1 X126.893 Y107.434 E.0156
G1 X127.35 Y107.681 E.01426
G1 X127.752 Y108.008 E.01422
G1 X128.088 Y108.404 E.01425
G1 X128.344 Y108.856 E.01426
G1 X128.512 Y109.347 E.01424
G1 X128.585 Y109.857 E.01414
G1 X128.527 Y110.579 E.01988
G1 X128.288 Y111.259 E.01978
G1 X127.882 Y111.855 E.01979
G1 X127.336 Y112.327 E.01981
G1 X126.688 Y112.643 E.01979
G1 X125.981 Y112.782 E.01978
G1 X125.261 Y112.736 E.0198
G1 X124.578 Y112.506 E.01978
G1 X123.976 Y112.109 E.01979
G1 X123.8 Y111.912 E.00725
M106 S127
G1 X123.496 Y111.571 E.01254
G1 X123.171 Y110.928 E.01978
G1 X123.011 Y110.178 E.02105
G1 X122.95 Y110.023 E.00457
G1 X122.951 Y109.979
M204 T2000
G1 E-1.75 F1800
;WIPE_START
G1 X122.957 Y109.899 E-.09309
G1 X122.985 Y109.903 E-.02059
G1 X123.133 Y109.185 E-.54993
G1 X123.176 Y109.078 E-.08639
;WIPE_END
G1 X119.363 Y109.211 Z4.8 F9000
G1 X96.636 Y110.004 Z4.8
G1 Z4.6
G1 E2.5 F2400
M204 P1500
;TYPE:Inner wall
;WIDTH:0.45
G1 F1200
G1 X96.457 Y110.796 E.02406
G1 X96.177 Y111.348 E.01833
G1 X95.765 Y111.81 E.01833
G1 X95.249 Y112.151 E.01833
G1 X94.662 Y112.348 E.01833
G1 X94.045 Y112.388 E.01833
G1 X93.438 Y112.268 E.01833
G1 X92.882 Y111.997 E.01833
G1 X92.414 Y111.592 E.01833
G1 X92.065 Y111.081 E.01833
G1 X91.859 Y110.497 E.01833
G1 X91.809 Y109.869 E.01866
G3 X94.559 Y107.633 I2.409 J.153 E.11794
G1 X94.573 Y107.634 E.0004
G3 X96.491 Y109.3 I-.373 J2.366 E.07935
G1 X96.628 Y109.965 E.02012
M204 T800
G1 X96.71 Y109.801 F9000
M204 P800
;TYPE:Outer wall
;WIDTH:0.42
G1 F1200
G1 X97.065 Y109.986
G1 X96.989 Y110.178 E.00567
G1 X96.829 Y110.928 E.02105
G1 X96.504 Y111.571 E.01978
G1 X96.2 Y111.912 E.01254
G1 X96.024 Y112.109 E.00725
G1 X95.422 Y112.506 E.01979
G1 X94.739 Y112.736 E.01978
G1 X94.019 Y112.782 E.0198
G1 X93.312 Y112.643 E.01978
G1 X92.726 Y112.357 E.0179
G1 X92.664 Y112.327 E.00189
G1 X92.118 Y111.855 E.01981
M106 S127
G1 X91.712 Y111.259 E.01979
G1 X91.473 Y110.579 E.01978
G1 X91.415 Y109.857 E.01988
G1 X91.488 Y109.347 E.01414
G1 X91.656 Y108.856 E.01424
G1 X91.912 Y108.404 E.01426
G1 X92.248 Y108.008 E.01425
G1 X92.65 Y107.681 E.01422
G1 X93.107 Y107.434 E.01426
G1 X93.601 Y107.276 E.01424
G1 X94.116 Y107.212 E.01424
G1 X94.584 Y107.242 E.01287
G1 X95.137 Y107.373 E.0156
G1 X95.607 Y107.592 E.01423
G1 X96.029 Y107.894 E.01424
G1 X96.387 Y108.27 E.01425
G1 X96.67 Y108.705 E.01424
G1 X96.867 Y109.185 E.01424
G1 X97.015 Y109.903 E.02012
G1 X97.043 Y109.899 E.00078
G1 X97.055 Y109.947 E.00136
G1 X97.028 Y110.004
; stop printing object retraction_tower.drc id:4656983854234333253 copy 0
;LAYER_CHANGE
;Z:4.8
;HEIGHT:0.2
G92 E0 ; zero the extruded length again
; BEFORE_LAYER_CHANGE 23 @ 4.8mm
G1 E-1.75 F1800
;WIPE_START
G1 X96.989 Y110.178 E-.18012
G1 X96.831 Y110.921 E-.56988
;WIPE_END
; AFTER_LAYER_CHANGE 23 @ 4.8mm
;_SET_FAN_SPEED_CHANGING_LAYER
; Calib_Retraction_tower: Z_HEIGHT: 4.8, length:2.5
; printing object retraction_tower.drc id:4656983854234333253 copy 0
M204 T2000
G1 X100.645 Y110.79 Z5 F9000
G1 X123.364 Y110.004 Z5
G1 Z4.8
G1 E2.5 F2400
M204 P1500
;TYPE:Inner wall
;WIDTH:0.45
G1 F1200
G1 X123.509 Y109.3 E.02131
G3 X126.163 Y107.642 I2.279 J.695 E.10113
G1 X126.314 Y107.661 E.00454
G3 X128.191 Y109.869 I-.553 J2.371 E.09198
G1 X128.141 Y110.497 E.01866
G1 X127.935 Y111.081 E.01833
G1 X127.586 Y111.592 E.01833
G1 X127.118 Y111.997 E.01833
G1 X126.562 Y112.268 E.01833
G1 X125.955 Y112.388 E.01833
G1 X125.338 Y112.348 E.01833
G1 X124.751 Y112.151 E.01833
G1 X124.235 Y111.81 E.01833
G1 X123.823 Y111.348 E.01833
G1 X123.543 Y110.796 E.01833
G1 X123.373 Y110.043 E.02287
M204 T800
G1 X123.31 Y110.125 F9000
M204 P800
;TYPE:Outer wall
;WIDTH:0.42
G1 F1200
G1 X122.935 Y109.986
G1 X122.957 Y109.899 E.00246
G1 X122.985 Y109.903 E.00075
G1 X123.133 Y109.185 E.02013
G1 X123.33 Y108.705 E.01424
G1 X123.613 Y108.27 E.01424
G1 X123.971 Y107.894 E.01424
G1 X124.393 Y107.592 E.01424
G1 X124.863 Y107.373 E.01424
G1 X125.366 Y107.245 E.01424
G1 X125.884 Y107.212 E.01424
G1 X126.211 Y107.253 E.00904
G1 X126.399 Y107.276 E.00521
G1 X126.893 Y107.434 E.01424
G1 X127.35 Y107.681 E.01424
G1 X127.752 Y108.008 E.01424
G1 X128.088 Y108.404 E.01424
G1 X128.344 Y108.856 E.01424
G1 X128.512 Y109.347 E.01424
G1 X128.585 Y109.857 E.01414
G1 X128.527 Y110.579 E.0199
G1 X128.288 Y111.259 E.01979
G1 X127.882 Y111.855 E.01979
G1 X127.336 Y112.327 E.01979
G1 X126.688 Y112.643 E.01979
G1 X125.981 Y112.782 E.01979
G1 X125.261 Y112.736 E.01979
G1 X124.578 Y112.506 E.01979
G1 X123.976 Y112.109 E.01979
G1 X123.496 Y111.571 E.01979
G1 X123.171 Y110.928 E.01979
G1 X123.011 Y110.178 E.02103
G1 X122.95 Y110.023 E.00458
G1 X122.951 Y109.979
M204 T2000
G1 E-1.75 F1800
;WIPE_START
G1 X122.957 Y109.899 E-.09309
G1 X122.985 Y109.903 E-.02059
G1 X123.133 Y109.185 E-.54993
G1 X123.176 Y109.078 E-.08639
;WIPE_END
G1 X119.363 Y109.211 Z5 F9000
G1 X96.636 Y110.004 Z5
G1 Z4.8
G1 E2.5 F2400
M204 P1500
;TYPE:Inner wall
;WIDTH:0.45
G1 F1200
G1 X96.457 Y110.796 E.02406
G1 X96.177 Y111.348 E.01833
G1 X95.765 Y111.81 E.01833
G1 X95.249 Y112.151 E.01833
G1 X94.662 Y112.348 E.01833
G1 X94.045 Y112.388 E.01833
G1 X93.438 Y112.268 E.01833
G1 X92.882 Y111.997 E.01833
G1 X92.414 Y111.592 E.01833
G1 X92.065 Y111.081 E.01833
G1 X91.859 Y110.497 E.01833
G1 X91.809 Y109.869 E.01866
G3 X94.42 Y107.624 I2.397 J.147 E.11376
G1 X94.573 Y107.634 E.00454
G3 X96.491 Y109.3 I-.373 J2.366 E.07935
G1 X96.628 Y109.965 E.02012
M204 T800
G1 X96.71 Y109.801 F9000
M204 P800
;TYPE:Outer wall
;WIDTH:0.42
G1 F1200
G1 X97.065 Y109.986
G1 X96.989 Y110.178 E.00567
G1 X96.829 Y110.928 E.02103
G1 X96.504 Y111.571 E.01979
G1 X96.024 Y112.109 E.01979
G1 X95.422 Y112.506 E.01979
G1 X94.739 Y112.736 E.01979
G1 X94.019 Y112.782 E.01979
G1 X93.312 Y112.643 E.01979
G1 X92.664 Y112.327 E.01979
G1 X92.118 Y111.855 E.01979
G1 X91.712 Y111.259 E.01979
G1 X91.473 Y110.579 E.01979
G1 X91.415 Y109.857 E.0199
G1 X91.488 Y109.347 E.01414
G1 X91.656 Y108.856 E.01424
G1 X91.912 Y108.404 E.01424
G1 X92.248 Y108.008 E.01424
G1 X92.65 Y107.681 E.01424
G1 X93.107 Y107.434 E.01424
G1 X93.601 Y107.276 E.01424
G1 X94.116 Y107.212 E.01424
G1 X94.445 Y107.233 E.00904
G1 X94.634 Y107.245 E.00521
G1 X95.137 Y107.373 E.01424
G1 X95.607 Y107.592 E.01424
G1 X96.029 Y107.894 E.01424
G1 X96.387 Y108.27 E.01424
G1 X96.67 Y108.705 E.01424
G1 X96.867 Y109.185 E.01424
G1 X97.015 Y109.903 E.02013
G1 X97.043 Y109.899 E.00075
G1 X97.055 Y109.947 E.00136
G1 X97.028 Y110.004
; stop printing object retraction_tower.drc id:4656983854234333253 copy 0
;LAYER_CHANGE
;Z:5
;HEIGHT:0.2
G92 E0 ; zero the extruded length again
; BEFORE_LAYER_CHANGE 24 @ 5mm
G1 E-1.75 F1800
;WIPE_START
G1 X96.989 Y110.178 E-.18012
G1 X96.831 Y110.921 E-.56988
;WIPE_END
; AFTER_LAYER_CHANGE 24 @ 5mm
;_SET_FAN_SPEED_CHANGING_LAYER
; Calib_Retraction_tower: Z_HEIGHT: 5, length:2.5
; printing object retraction_tower.drc id:4656983854234333253 copy 0
M204 T2000
G1 X100.645 Y110.79 Z5.2 F9000
G1 X123.364 Y110.004 Z5.2
G1 Z5
G1 E2.5 F2400
M204 P1500
;TYPE:Inner wall
;WIDTH:0.45
G1 F1200
G1 X123.509 Y109.3 E.02131
G3 X126.024 Y107.625 I2.278 J.695 E.09699
G1 X126.314 Y107.661 E.00867
G3 X128.191 Y109.869 I-.553 J2.371 E.09198
G1 X128.141 Y110.497 E.01866
G1 X127.935 Y111.081 E.01833
G1 X127.586 Y111.592 E.01833
G1 X127.118 Y111.997 E.01833
G1 X126.562 Y112.268 E.01833
G1 X125.955 Y112.388 E.01833
G1 X125.338 Y112.348 E.01833
G1 X124.751 Y112.151 E.01833
G1 X124.235 Y111.81 E.01833
G1 X123.823 Y111.348 E.01833
G1 X123.543 Y110.796 E.01833
G1 X123.373 Y110.043 E.02287
M204 T800
G1 X123.31 Y110.125 F9000
M204 P800
;TYPE:Outer wall
;WIDTH:0.42
G1 F1200
G1 X122.935 Y109.986
G1 X122.957 Y109.899 E.00246
G1 X122.985 Y109.903 E.00075
G1 X123.133 Y109.185 E.02013
G1 X123.33 Y108.705 E.01424
G1 X123.613 Y108.27 E.01424
G1 X123.971 Y107.894 E.01424
G1 X124.393 Y107.592 E.01424
G1 X124.863 Y107.373 E.01424
G1 X125.366 Y107.245 E.01424
G1 X125.884 Y107.212 E.01424
G1 X126.072 Y107.236 E.00521
G1 X126.399 Y107.276 E.00904
G1 X126.893 Y107.434 E.01424
G1 X127.35 Y107.681 E.01424
G1 X127.752 Y108.008 E.01424
G1 X128.088 Y108.404 E.01424
G1 X128.344 Y108.856 E.01424
G1 X128.512 Y109.347 E.01424
G1 X128.585 Y109.857 E.01414
G1 X128.527 Y110.579 E.0199
G1 X128.288 Y111.259 E.01979
G1 X127.882 Y111.855 E.01979
G1 X127.336 Y112.327 E.01979
G1 X126.688 Y112.643 E.01979
G1 X125.981 Y112.782 E.01979
G1 X125.261 Y112.736 E.01979
G1 X124.578 Y112.506 E.01979
G1 X123.976 Y112.109 E.01979
G1 X123.496 Y111.571 E.01979
G1 X123.171 Y110.928 E.01979
G1 X123.011 Y110.178 E.02103
G1 X122.95 Y110.023 E.00458
G1 X122.951 Y109.979
M204 T2000
G1 E-1.75 F1800
;WIPE_START
G1 X122.957 Y109.899 E-.09308
G1 X122.985 Y109.903 E-.02059
G1 X123.133 Y109.185 E-.54994
G1 X123.176 Y109.078 E-.08639
;WIPE_END
G1 X119.363 Y109.211 Z5.2 F9000
G1 X96.636 Y110.004 Z5.2
G1 Z5
G1 E2.5 F2400
M204 P1500
;TYPE:Inner wall
;WIDTH:0.45
G1 F1200
G1 X96.457 Y110.796 E.02406
G1 X96.177 Y111.348 E.01833
G1 X95.765 Y111.81 E.01833
G1 X95.249 Y112.151 E.01833
G1 X94.662 Y112.348 E.01833
G1 X94.045 Y112.388 E.01833
G1 X93.438 Y112.268 E.01833
G1 X92.882 Y111.997 E.01833
G1 X92.414 Y111.592 E.01833
G1 X92.065 Y111.081 E.01833
G1 X91.859 Y110.497 E.01833
G1 X91.809 Y109.869 E.01866
G3 X94.281 Y107.615 I2.398 J.147 E.10962
G1 X94.573 Y107.634 E.00867
G3 X96.491 Y109.3 I-.373 J2.366 E.07935
G1 X96.628 Y109.965 E.02012
M204 T800
G1 X96.71 Y109.801 F9000
M204 P800
;TYPE:Outer wall
;WIDTH:0.42
G1 F1200
G1 X97.065 Y109.986
G1 X96.989 Y110.178 E.00567
G1 X96.829 Y110.928 E.02103
G1 X96.504 Y111.571 E.01979
G1 X96.024 Y112.109 E.01979
G1 X95.422 Y112.506 E.01979
G1 X94.739 Y112.736 E.01979
G1 X94.019 Y112.782 E.01979
G1 X93.312 Y112.643 E.01979
G1 X92.664 Y112.327 E.01979
G1 X92.118 Y111.855 E.01979
G1 X91.712 Y111.259 E.01979
G1 X91.473 Y110.579 E.01979
G1 X91.415 Y109.857 E.0199
G1 X91.488 Y109.347 E.01414
G1 X91.656 Y108.856 E.01424
G1 X91.912 Y108.404 E.01424
G1 X92.248 Y108.008 E.01424
G1 X92.65 Y107.681 E.01424
G1 X93.107 Y107.434 E.01424
G1 X93.601 Y107.276 E.01424
G1 X94.116 Y107.212 E.01424
G1 X94.305 Y107.224 E.00521
G1 X94.634 Y107.245 E.00904
G1 X95.137 Y107.373 E.01424
G1 X95.607 Y107.592 E.01424
G1 X96.029 Y107.894 E.01424
G1 X96.387 Y108.27 E.01424
G1 X96.67 Y108.705 E.01424
G1 X96.867 Y109.185 E.01424
G1 X97.015 Y109.903 E.02013
G1 X97.043 Y109.899 E.00075
G1 X97.055 Y109.947 E.00136
G1 X97.028 Y110.004
; stop printing object retraction_tower.drc id:4656983854234333253 copy 0
;LAYER_CHANGE
;Z:5.2
;HEIGHT:0.2
G92 E0 ; zero the extruded length again
; BEFORE_LAYER_CHANGE 25 @ 5.2mm
G1 E-1.75 F1800
;WIPE_START
G1 X96.989 Y110.178 E-.18012
G1 X96.831 Y110.921 E-.56988
;WIPE_END
; AFTER_LAYER_CHANGE 25 @ 5.2mm
;_SET_FAN_SPEED_CHANGING_LAYER
; Calib_Retraction_tower: Z_HEIGHT: 5.2, length:2.5
; printing object retraction_tower.drc id:4656983854234333253 copy 0
M204 T2000
G1 X96.636 Y110.004 Z5.4 F9000
G1 Z5.2
G1 E2.5 F2400
M204 P1500
;TYPE:Inner wall
;WIDTH:0.45
G1 F1200
G1 X96.457 Y110.796 E.02406
G1 X96.177 Y111.348 E.01833
G1 X95.765 Y111.81 E.01833
G1 X95.249 Y112.151 E.01833
G1 X94.662 Y112.348 E.01833
G1 X94.045 Y112.388 E.01833
G1 X93.438 Y112.268 E.01833
G1 X92.882 Y111.997 E.01833
G1 X92.414 Y111.592 E.01833
G1 X92.065 Y111.081 E.01833
G1 X91.859 Y110.497 E.01833
G1 X91.809 Y109.869 E.01866
G3 X94.141 Y107.607 I2.416 J.157 E.10555
G3 X96.491 Y109.3 I.031 J2.434 E.0919
G1 X96.628 Y109.965 E.02012
M204 T800
G1 X96.71 Y109.801 F9000
M204 P800
;TYPE:Outer wall
;WIDTH:0.42
G1 F1200
G1 X97.065 Y109.986
G1 X96.989 Y110.178 E.00567
G1 X96.829 Y110.928 E.02103
G1 X96.504 Y111.571 E.01979
G1 X96.024 Y112.109 E.01979
G1 X95.422 Y112.506 E.01979
G1 X94.739 Y112.736 E.01979
G1 X94.019 Y112.782 E.01979
G1 X93.312 Y112.643 E.01979
G1 X92.664 Y112.327 E.01979
G1 X92.118 Y111.855 E.01979
G1 X91.712 Y111.259 E.01979
G1 X91.473 Y110.579 E.01979
G1 X91.415 Y109.857 E.0199
G1 X91.488 Y109.347 E.01414
G1 X91.656 Y108.856 E.01424
G1 X91.912 Y108.404 E.01424
G1 X92.248 Y108.008 E.01424
G1 X92.65 Y107.681 E.01424
G1 X93.107 Y107.434 E.01424
G1 X93.601 Y107.276 E.01424
G1 X94.166 Y107.215 E.0156
G1 X94.634 Y107.245 E.01287
G1 X95.137 Y107.373 E.01424
G1 X95.607 Y107.592 E.01424
G1 X96.029 Y107.894 E.01424
G1 X96.387 Y108.27 E.01424
G1 X96.67 Y108.705 E.01424
G1 X96.867 Y109.185 E.01424
G1 X97.015 Y109.903 E.02013
G1 X97.043 Y109.899 E.00075
G1 X97.055 Y109.947 E.00136
G1 X97.028 Y110.004
M204 T2000
G1 E-1.75 F1800
;WIPE_START
G1 X96.989 Y110.178 E-.18011
G1 X96.831 Y110.921 E-.56989
;WIPE_END
G1 X100.645 Y110.79 Z5.4 F9000
G1 X123.364 Y110.004 Z5.4
G1 Z5.2
G1 E2.5 F2400
M204 P1500
;TYPE:Inner wall
;WIDTH:0.45
G1 F1200
G1 X123.509 Y109.3 E.02131
G3 X125.886 Y107.607 I2.289 J.699 E.09296
G3 X128.191 Y109.869 I-.082 J2.389 E.10506
G1 X128.141 Y110.497 E.01866
G1 X127.935 Y111.081 E.01833
G1 X127.586 Y111.592 E.01833
G1 X127.118 Y111.997 E.01833
G1 X126.562 Y112.268 E.01833
G1 X125.955 Y112.388 E.01833
G1 X125.338 Y112.348 E.01833
G1 X124.751 Y112.151 E.01833
G1 X124.235 Y111.81 E.01833
G1 X123.823 Y111.348 E.01833
G1 X123.543 Y110.796 E.01833
G1 X123.373 Y110.043 E.02287
M204 T800
G1 X123.31 Y110.125 F9000
M204 P800
;TYPE:Outer wall
;WIDTH:0.42
G1 F1200
G1 X122.935 Y109.986
G1 X122.957 Y109.899 E.00246
G1 X122.985 Y109.903 E.00075
G1 X123.133 Y109.185 E.02013
G1 X123.33 Y108.705 E.01424
G1 X123.613 Y108.27 E.01424
G1 X123.971 Y107.894 E.01424
G1 X124.393 Y107.592 E.01424
G1 X124.863 Y107.373 E.01424
G1 X125.366 Y107.245 E.01424
G1 X125.934 Y107.218 E.0156
G1 X126.399 Y107.276 E.01287
G1 X126.893 Y107.434 E.01424
G1 X127.35 Y107.681 E.01424
G1 X127.752 Y108.008 E.01424
G1 X128.088 Y108.404 E.01424
G1 X128.344 Y108.856 E.01424
G1 X128.512 Y109.347 E.01424
G1 X128.585 Y109.857 E.01414
G1 X128.527 Y110.579 E.0199
G1 X128.288 Y111.259 E.01979
G1 X127.882 Y111.855 E.01979
G1 X127.336 Y112.327 E.01979
G1 X126.688 Y112.643 E.01979
G1 X125.981 Y112.782 E.01979
G1 X125.261 Y112.736 E.01979
G1 X124.578 Y112.506 E.01979
G1 X123.976 Y112.109 E.01979
G1 X123.496 Y111.571 E.01979
G1 X123.171 Y110.928 E.01979
G1 X123.011 Y110.178 E.02103
G1 X122.95 Y110.023 E.00458
G1 X122.951 Y109.979
; stop printing object retraction_tower.drc id:4656983854234333253 copy 0
;LAYER_CHANGE
;Z:5.4
;HEIGHT:0.2
G92 E0 ; zero the extruded length again
; BEFORE_LAYER_CHANGE 26 @ 5.4mm
G1 E-1.75 F1800
;WIPE_START
G1 X122.957 Y109.899 E-.09308
G1 X122.985 Y109.903 E-.02059
G1 X123.133 Y109.185 E-.54994
G1 X123.176 Y109.078 E-.08639
;WIPE_END
; AFTER_LAYER_CHANGE 26 @ 5.4mm
;_SET_FAN_SPEED_CHANGING_LAYER
; Calib_Retraction_tower: Z_HEIGHT: 5.4, length:3
; printing object retraction_tower.drc id:4656983854234333253 copy 0
G1 X122.935 Y109.986 Z5.6 F9000
G1 Z5.4
G1 E2.5 F2400
G1 F1200
G1 X123.006 Y109.709 E.00785
G1 X123.117 Y108.941 E.02131
G1 X123.41 Y108.264 E.02023
G1 X123.869 Y107.688 E.02023
G1 X124.464 Y107.253 E.02023
G1 X125.152 Y106.988 E.02023
G1 X125.885 Y106.913 E.02023
G1 X126.248 Y106.973 E.01011
G1 X126.612 Y107.033 E.01011
G1 X127.282 Y107.339 E.02023
G1 X127.849 Y107.809 E.02023
G1 X128.273 Y108.412 E.02023
G1 X128.524 Y109.105 E.02023
G1 X128.585 Y109.84 E.02024
G1 X128.457 Y110.544 E.01965
G1 X128.155 Y111.193 E.01966
G1 X127.696 Y111.744 E.01966
G1 X127.113 Y112.16 E.01966
G1 X126.443 Y112.413 E.01966
G1 X125.73 Y112.487 E.01966
G1 X125.023 Y112.378 E.01966
G1 X124.366 Y112.091 E.01966
G1 X123.804 Y111.647 E.01966
G1 X123.374 Y111.074 E.01966
G3 X122.95 Y110.023 I63.529 J-26.26 E.03111
G1 X122.985 Y109.958
M204 T2000
G1 E-2.1 F1800
;WIPE_START
G1 X123.006 Y109.709 E-.2874
G1 X123.104 Y109.035 E-.6126
;WIPE_END
G1 X126.886 Y108.526 Z5.6 F9000
G1 X127.683 Y108.419 Z5.6
G1 Z5.4
G1 E3 F2400
M204 P1500
;TYPE:Internal solid infill
;WIDTH:0.632178
G1 F1200
G1 X127.844 Y108.636 E.01158
;WIDTH:0.608762
G1 X127.964 Y108.918 E.01265
;WIDTH:0.576121
G1 X128.083 Y109.201 E.01192
;WIDTH:0.539096
G1 X128.13 Y109.511 E.0113
;WIDTH:0.497688
G1 X128.176 Y109.82 E.01036
;WIDTH:0.458844
G1 X128.139 Y110.126 E.00932
;WIDTH:0.422564
G1 X128.102 Y110.432 E.00851
;WIDTH:0.395773
G1 X127.872 Y111.014 E.0161
G1 X127.621 Y111.353 E.01084
G1 E-2.5 F1800
;WIPE_START
G1 F3600
G1 X127.872 Y111.014 E-.21093
G1 X128.085 Y110.477 E-.28907
;WIPE_END
G1 X124.66 Y108.792 Z5.6 F9000
G1 X123.907 Y108.422 Z5.6
G1 Z5.4
G1 E3 F2400
;WIDTH:0.617929
G1 F1200
G1 X123.977 Y108.385 E.00332
;WIDTH:0.573013
G1 X124.047 Y108.347 E.00306
;WIDTH:0.528097
G1 X124.117 Y108.31 E.0028
;WIDTH:0.483182
G1 X124.187 Y108.272 E.00254
;WIDTH:0.438266
G1 X124.256 Y108.235 E.00228
;WIDTH:0.396831
G2 X124.799 Y107.889 I-1.771 J-3.383 E.01659
G1 X125.28 Y107.717 E.01316
G1 X125.853 Y107.652 E.01484
G1 X126.396 Y107.734 E.01416
G1 X126.913 Y107.949 E.01442
;WIDTH:0.377533
G1 X127.32 Y108.243 E.01224
;WIDTH:0.388126
G1 X127.38 Y108.273 E.00169
;WIDTH:0.433789
G1 X127.441 Y108.302 E.00191
;WIDTH:0.479453
G1 X127.501 Y108.331 E.00213
;WIDTH:0.525116
G1 X127.562 Y108.36 E.00236
;WIDTH:0.570779
G1 X127.622 Y108.39 E.00258
;WIDTH:0.616443
G1 X127.683 Y108.419 E.0028
G1 X127.656 Y108.348 E.00316
;WIDTH:0.570779
G1 X127.63 Y108.277 E.0029
;WIDTH:0.525116
G1 X127.603 Y108.206 E.00265
;WIDTH:0.479453
G1 X127.577 Y108.136 E.0024
;WIDTH:0.433789
G1 X127.551 Y108.065 E.00215
;WIDTH:0.393868
G1 X127.524 Y107.994 E.00193
G1 X127.106 Y107.663 E.01363
G1 X126.525 Y107.398 E.01629
G1 X125.943 Y107.297 E.01509
G1 X125.268 Y107.349 E.0173
G1 X124.662 Y107.567 E.01646
G1 X124.133 Y107.932 E.01641
G1 X124.033 Y108.062 E.0042
;WIDTH:0.409494
G1 X124.014 Y108.116 E.00152
;WIDTH:0.451474
G1 X123.996 Y108.17 E.00169
;WIDTH:0.493455
G1 X123.977 Y108.223 E.00186
;WIDTH:0.535435
G1 X123.958 Y108.277 E.00204
;WIDTH:0.577416
G1 X123.939 Y108.331 E.00221
;WIDTH:0.598406
G1 X123.921 Y108.384 E.0023
G1 E-2.97158 F1800
;WIPE_START
G1 F3600
G1 X123.939 Y108.331 E-.02842
;WIPE_END
G1 X124.114 Y111.508 Z5.6 F9000
G1 Z5.4
G1 E3 F2400
;WIDTH:0.38292
G1 F1200
G1 X123.912 Y111.282 E.00752
G1 X123.62 Y110.778 E.01441
;WIDTH:0.405067
G1 X123.503 Y110.404 E.01032
;WIDTH:0.44936
G1 X123.387 Y110.03 E.01158
;WIDTH:0.486767
G1 X123.372 Y109.939 E.003
;WIDTH:0.512825
G1 X123.488 Y109.324 E.02138
;WIDTH:0.536862
G1 X123.569 Y109.089 E.00894
;WIDTH:0.563341
G1 X123.651 Y108.854 E.00942
;WIDTH:0.592532
G1 X123.769 Y108.655 E.00926
;WIDTH:0.608483
G1 X123.887 Y108.456 E.00952
G1 E-2.88433 F1800
;WIPE_START
G1 F3600
G1 X123.769 Y108.655 E-.11567
;WIPE_END
G1 X119.957 Y108.845 Z5.6 F9000
G1 X97.065 Y109.986 Z5.6
G1 Z5.4
G1 E3 F2400
M204 P800
;TYPE:Outer wall
;WIDTH:0.42
G1 F1200
G3 X96.626 Y111.074 I-64.032 J-25.197 E.0322
G1 X96.196 Y111.647 E.01966
G1 X95.634 Y112.091 E.01966
G1 X94.977 Y112.378 E.01966
G1 X94.27 Y112.487 E.01966
G1 X93.557 Y112.413 E.01966
G1 X92.887 Y112.16 E.01966
G1 X92.304 Y111.744 E.01966
G1 X91.845 Y111.193 E.01966
G1 X91.543 Y110.544 E.01966
G1 X91.415 Y109.84 E.01965
G1 X91.476 Y109.105 E.02024
G1 X91.727 Y108.412 E.02023
G1 X92.151 Y107.809 E.02023
G1 X92.718 Y107.339 E.02023
G1 X93.388 Y107.033 E.02023
G1 X94.115 Y106.913 E.02023
G1 X94.482 Y106.951 E.01011
G1 X94.848 Y106.988 E.01011
G1 X95.536 Y107.253 E.02023
G1 X96.131 Y107.688 E.02023
G1 X96.59 Y108.264 E.02023
G1 X96.883 Y108.941 E.02023
G1 X96.994 Y109.709 E.02131
G1 X97.055 Y109.947 E.00675
G1 X96.989 Y110.012
G1 E-2.1 F1800
;WIPE_START
G1 X96.699 Y110.882 E-.9
;WIPE_END
G1 X92.909 Y111.327 Z5.6 F9000
G1 X92.403 Y111.386 Z5.6
G1 Z5.4
G1 E3 F2400
M204 P1500
;TYPE:Internal solid infill
;WIDTH:0.38292
G1 F1200
G1 X92.129 Y111.014 E.01144
G1 X91.925 Y110.517 E.01329
;WIDTH:0.401496
G1 X91.877 Y110.21 E.00811
;WIDTH:0.438648
G1 X91.829 Y109.903 E.00895
;WIDTH:0.480814
G1 X91.87 Y109.425 E.01528
;WIDTH:0.518209
G1 X91.932 Y109.208 E.00782
;WIDTH:0.545819
G1 X91.993 Y108.99 E.00828
;WIDTH:0.575219
G1 X92.094 Y108.784 E.00887
;WIDTH:0.604222
G3 X92.3 Y108.442 I.946 J.336 E.01644
G1 E-2.79912 F1800
;WIPE_START
G1 F3600
G1 X92.194 Y108.579 E-.08636
G1 X92.094 Y108.784 E-.11452
;WIPE_END
G1 X95.894 Y108.439 Z5.6 F9000
G1 X96.092 Y108.421 Z5.6
G1 Z5.4
G1 E3 F2400
;WIDTH:0.623036
G1 F1200
G1 X96.227 Y108.651 E.01125
;WIDTH:0.590404
G1 X96.362 Y108.88 E.01061
;WIDTH:0.559525
G1 X96.436 Y109.104 E.00885
;WIDTH:0.515018
G1 X96.509 Y109.328 E.00809
G1 X96.625 Y109.957 E.022
;WIDTH:0.482895
G1 X96.548 Y110.219 E.00875
;WIDTH:0.442905
G1 X96.471 Y110.481 E.00795
;WIDTH:0.393433
G1 X96.394 Y110.743 E.00697
G1 X96.1 Y111.264 E.01525
G1 X95.995 Y111.396 E.00429
G1 E-2.5 F1800
;WIPE_START
G1 F3600
G1 X96.1 Y111.264 E-.08409
G1 X96.394 Y110.743 E-.29892
G1 X96.46 Y110.519 E-.11699
;WIPE_END
G1 X96.092 Y108.421 Z5.6 F9000
G1 Z5.4
G1 E3 F2400
;WIDTH:0.616408
G1 F1200
G1 X96.065 Y108.35 E.00317
;WIDTH:0.570518
G1 X96.038 Y108.279 E.00292
;WIDTH:0.524629
G1 X96.011 Y108.208 E.00266
;WIDTH:0.47874
G1 X95.983 Y108.137 E.00241
;WIDTH:0.43285
G1 X95.956 Y108.066 E.00216
;WIDTH:0.386346
G1 X95.929 Y107.995 E.0019
G1 X95.526 Y107.686 E.01269
G2 X94.127 Y107.286 I-1.485 J2.548 E.03677
G1 X93.588 Y107.371 E.01363
G1 X93.109 Y107.554 E.01281
G2 X92.485 Y107.987 I1.256 J2.48 E.01906
;WIDTH:0.388479
G1 X92.458 Y108.057 E.0019
;WIDTH:0.434267
G1 X92.431 Y108.128 E.00215
;WIDTH:0.480055
G1 X92.404 Y108.198 E.0024
;WIDTH:0.525844
G1 X92.378 Y108.269 E.00265
;WIDTH:0.571632
G1 X92.351 Y108.339 E.0029
;WIDTH:0.61742
G1 X92.324 Y108.41 E.00315
;WIDTH:0.617498
G1 X92.418 Y108.354 E.00456
;WIDTH:0.571865
G1 X92.511 Y108.298 E.0042
;WIDTH:0.526231
G1 X92.605 Y108.242 E.00383
;WIDTH:0.480598
G1 X92.699 Y108.187 E.00347
;WIDTH:0.434965
G1 X92.792 Y108.131 E.00311
;WIDTH:0.392008
G3 X93.29 Y107.845 I7.187 J11.94 E.01459
G3 X94.675 Y107.705 I.929 J2.274 E.03585
G1 X95.202 Y107.89 E.01419
G1 X95.675 Y108.197 E.01434
;WIDTH:0.392799
G1 X95.739 Y108.231 E.00184
;WIDTH:0.437627
G1 X95.802 Y108.266 E.00207
;WIDTH:0.482455
G1 X95.866 Y108.3 E.00231
;WIDTH:0.527283
G1 X95.93 Y108.334 E.00255
;WIDTH:0.572111
G1 X95.993 Y108.368 E.00278
;WIDTH:0.594525
G1 X96.057 Y108.402 E.0029
; stop printing object retraction_tower.drc id:4656983854234333253 copy 0
G1 E-2.96389 F1800
;WIPE_START
G1 F3600
G1 X95.993 Y108.368 E-.03611
;WIPE_END
M106 S0
;TYPE:Custom
; filament end gcode 
M140 S0; Heatbed off
M107; Fan off 
G91; relative positioning 
M83 ; extruder relative mode
G1 E-3 F3000 ;retract the filament a bit before lifting the nozzle, to release some of the pressure
G1 Z+0.5 F3000 ;move Z up a bit and retract filament even more
M104 S0; Extruder off
G28 X Y;move X/Y to min endstops, so the head is out of the way
G90; absolute positioning 
G1 Y220 F3000
M84 ;steppers off
M300 S1318 P266
; EXECUTABLE_BLOCK_END

; filament used [mm] = 167.60
; filament used [cm3] = 0.40
; filament used [g] = 0.50
; filament cost = 0.01
; total filament used [g] = 0.50
; total filament cost = 0.01
; total layers count = 27
; estimated printing time (normal mode) = 3m 38s
; estimated first layer printing time (normal mode) = 9s

; CONFIG_BLOCK_START
; accel_to_decel_enable = 1
; accel_to_decel_factor = 50%
; activate_air_filtration = 0
; activate_air_filtration_during_print = 1
; activate_air_filtration_on_completion = 1
; activate_chamber_temp_control = 0
; adaptive_bed_mesh_margin = 0
; adaptive_pressure_advance = 0
; adaptive_pressure_advance_bridges = 0
; adaptive_pressure_advance_model = "0,0,0\n0,0,0"
; adaptive_pressure_advance_overhangs = 0
; additional_cooling_fan_speed = 70
; additional_fan_full_speed_layer = 0
; align_infill_direction_to_model = 0
; alternate_extra_wall = 0
; auxiliary_fan = 0
; bbl_calib_mark_logo = 1
; bbl_use_printhost = 0
; bed_custom_model = 
; bed_custom_texture = 
; bed_exclude_area = 0x0
; bed_mesh_max = 0,0
; bed_mesh_min = 0,0
; bed_mesh_probe_distance = 0,0
; bed_temperature_formula = by_highest_temp
; before_layer_change_gcode = G92 E0 ; zero the extruded length again\n; BEFORE_LAYER_CHANGE [layer_num] @ [layer_z]mm
; best_object_pos = 0.5,0.5
; bottom_shell_layers = 4
; bottom_shell_thickness = 0.6
; bottom_solid_infill_flow_ratio = 1
; bottom_surface_density = 100%
; bottom_surface_filament_id = 0
; bottom_surface_pattern = monotonic
; bridge_acceleration = 50%
; bridge_angle = 0
; bridge_density = 100%
; bridge_flow = 0.9
; bridge_line_width = 100%
; bridge_no_support = 1
; bridge_speed = 30
; brim_ears_detection_length = 1
; brim_ears_max_angle = 125
; brim_flow_ratio = 1
; brim_object_gap = 0.2
; brim_type = no_brim
; brim_use_efc_outline = 0
; brim_width = 5
; calib_flowrate_topinfill_special_order = 0
; chamber_minimal_temperature = 0
; chamber_temperature = 0
; change_extrusion_role_gcode = 
; change_filament_gcode = 
; close_additional_fan_first_x_layers = 1
; close_fan_the_first_x_layers = 4
; combine_brims = 0
; complete_print_exhaust_fan_speed = 80
; cool_plate_temp = 35
; cool_plate_temp_initial_layer = 35
; cooling_tube_length = 0
; cooling_tube_retraction = 0
; counterbore_hole_bridging = none
; curr_bed_type = High Temp Plate
; default_acceleration = 1500
; default_bed_type = 
; default_filament_colour = #D8E8E0
; default_filament_profile = "Anycubic PLA @Anycubic Kobra 2 Neo 0.4 nozzle"
; default_jerk = 0
; default_junction_deviation = 0
; default_nozzle_volume_type = Standard
; default_print_profile = 0.20mm Standard @Anycubic Kobra 2 Neo 0.4 nozzle
; deretraction_speed = 40
; detect_narrow_internal_solid_infill = 1
; detect_overhang_wall = 1
; detect_thin_wall = 0
; different_settings_to_system = bottom_shell_layers;brim_object_gap;brim_type;default_acceleration;elefant_foot_compensation;initial_layer_print_height;initial_layer_speed;inner_wall_speed;internal_solid_infill_speed;outer_wall_acceleration;outer_wall_speed;raft_first_layer_density;seam_gap;seam_position;seam_slope_conditional;seam_slope_min_length;skirt_distance;skirt_loops;skirt_speed;sparse_infill_density;sparse_infill_pattern;sparse_infill_speed;support_bottom_z_distance;support_interface_bottom_layers;support_interface_top_layers;support_on_build_plate_only;support_top_z_distance;support_type;top_shell_layers;top_surface_speed;travel_speed;wall_loops;wipe_before_external_loop;wipe_on_loops;close_fan_the_first_x_layers;default_filament_colour;fan_max_speed;filament_flow_ratio;filament_max_volumetric_speed;filament_retraction_length;filament_retraction_speed;filament_type;filament_vendor;filament_z_hop;filament_z_hop_types;hot_plate_temp;hot_plate_temp_initial_layer;nozzle_temperature;nozzle_temperature_initial_layer;overhang_fan_speed;pressure_advance;slow_down_layer_time;textured_plate_temp;textured_plate_temp_initial_layer;deretraction_speed;extruder_clearance_height_to_lid;extruder_clearance_height_to_rod;extruder_clearance_radius;input_shaping_type;print_host;printhost_apikey;retraction_length;retraction_speed;support_chamber_temp_control;z_hop;z_hop_types
; disable_m73 = 1
; dont_filter_internal_bridges = disabled
; dont_slow_down_outer_wall = 0
; draft_shield = disabled
; during_print_exhaust_fan_speed = 60
; elefant_foot_compensation = 0.2
; elefant_foot_compensation_layers = 1
; elefant_foot_layers_density = 100%
; emit_machine_limits_to_gcode = 1
; enable_arc_fitting = 1
; enable_extra_bridge_layer = disabled
; enable_filament_ramming = 0
; enable_long_retraction_when_cut = 0
; enable_overhang_bridge_fan = 1
; enable_overhang_speed = 1
; enable_power_loss_recovery = printer_configuration
; enable_pressure_advance = 0
; enable_prime_tower = 0
; enable_support = 0
; enable_tower_interface_cooldown_during_tower = 0
; enable_tower_interface_features = 0
; enable_wrapping_detection = 0
; enforce_support_layers = 0
; eng_plate_temp = 0
; eng_plate_temp_initial_layer = 0
; ensure_vertical_shell_thickness = ensure_all
; exclude_object = 0
; extra_loading_move = 0
; extra_perimeters_on_overhangs = 1
; extra_solid_infills = 
; extruder_ams_count = 1#0|4#0;1#0|4#0
; extruder_clearance_height_to_lid = 10
; extruder_clearance_height_to_rod = 10
; extruder_clearance_radius = 10
; extruder_colour = #D8E8E0
; extruder_offset = 0x0
; extruder_printable_area = 
; extruder_printable_height = 0
; extruder_type = Direct Drive
; extruder_variant_list = "Direct Drive Standard"
; extrusion_rate_smoothing_external_perimeter_only = 0
; fan_cooling_layer_time = 100
; fan_kickstart = 0
; fan_max_speed = 50
; fan_min_speed = 80
; fan_speedup_overhangs = 1
; fan_speedup_time = 0
; filament_adaptive_volumetric_speed = 0
; filament_adhesiveness_category = 0
; filament_change_extrusion_role_gcode = ""
; filament_change_length = 10
; filament_colour = #D8E8E0
; filament_colour_type = ""
; filament_cooling_before_tower = 10
; filament_cooling_final_speed = 0
; filament_cooling_initial_speed = 0
; filament_cooling_moves = 0
; filament_cost = 20
; filament_density = 1.24
; filament_diameter = 1.75
; filament_end_gcode = "; filament end gcode \n"
; filament_extruder_variant = "Direct Drive Standard"
; filament_flow_ratio = 0.8754
; filament_flush_temp = 0
; filament_flush_volumetric_speed = 0
; filament_ids = GFL99
; filament_is_support = 0
; filament_loading_speed = 0
; filament_loading_speed_start = 0
; filament_map = 1
; filament_map_mode = Auto For Flush
; filament_max_volumetric_speed = 10
; filament_minimal_purge_on_wipe_tower = 15
; filament_multi_colour = #D8E8E0
; filament_multitool_ramming = 0
; filament_multitool_ramming_flow = 10
; filament_multitool_ramming_volume = 10
; filament_notes = ""
; filament_printable = 3
; filament_ramming_parameters = "120 100 6.6 6.8 7.2 7.6 7.9 8.2 8.7 9.4 9.9 10.0| 0.05 6.6 0.45 6.8 0.95 7.8 1.45 8.3 1.95 9.7 2.45 10 2.95 7.6 3.45 7.6 3.95 7.6 4.45 7.6 4.95 7.6"
; filament_retraction_length = 1
; filament_retraction_speed = 30
; filament_self_index = 1
; filament_settings_id = "Elegoo PETG Transparente @Kobra 2 Neo"
; filament_shrink = 100%
; filament_shrinkage_compensation_z = 100%
; filament_soluble = 0
; filament_stamping_distance = 0
; filament_stamping_loading_speed = 0
; filament_start_gcode = "; filament start gcode\n"
; filament_toolchange_delay = 0
; filament_tower_interface_pre_extrusion_dist = 10
; filament_tower_interface_pre_extrusion_length = 0
; filament_tower_interface_print_temp = -1
; filament_tower_interface_purge_volume = 20
; filament_tower_ironing_area = 4
; filament_type = PETG
; filament_unloading_speed = 0
; filament_unloading_speed_start = 0
; filament_vendor = Elegoo
; filament_z_hop = 0.2
; filament_z_hop_types = Slope Lift
; file_start_gcode = 
; filename_format = {input_filename_base}_{filament_type[0]}_{layer_height}_{print_time}.gcode
; fill_multiline = 1
; filter_out_gap_fill = 0
; first_layer_flow_ratio = 1
; first_layer_print_sequence = 0
; first_x_layer_fan_speed = 0
; flashforge_serial_number = 
; flush_into_infill = 0
; flush_into_objects = 0
; flush_into_support = 0
; flush_multiplier = 0.3
; flush_volumes_matrix = 0
; flush_volumes_vector = 140,140
; full_fan_speed_layer = 3
; fuzzy_skin = none
; fuzzy_skin_first_layer = 0
; fuzzy_skin_layers_between_ripple_offset = 1
; fuzzy_skin_mode = displacement
; fuzzy_skin_noise_type = classic
; fuzzy_skin_octaves = 4
; fuzzy_skin_persistence = 0.5
; fuzzy_skin_point_distance = 0.8
; fuzzy_skin_ripple_offset = 50%
; fuzzy_skin_ripples_per_layer = 15
; fuzzy_skin_scale = 1
; fuzzy_skin_thickness = 0.3
; gap_fill_flow_ratio = 1
; gap_fill_target = topbottom
; gap_infill_speed = 100
; gcode_add_line_number = 0
; gcode_comments = 0
; gcode_flavor = marlin2
; gcode_label_objects = 1
; grab_length = 0
; gyroid_optimized = 0
; has_scarf_joint_seam = 0
; head_wrap_detect_zone = 
; high_current_on_filament_swap = 0
; hole_to_polyhole = 0
; hole_to_polyhole_threshold = 0.01
; hole_to_polyhole_twisted = 1
; host_type = octoprint
; hot_plate_temp = 70
; hot_plate_temp_initial_layer = 70
; idle_temperature = 0
; independent_support_layer_height = 1
; infill_anchor = 400
; infill_anchor_max = 10
; infill_combination = 0
; infill_combination_max_layer_height = 100%
; infill_direction = 45
; infill_jerk = 9
; infill_lock_depth = 1
; infill_overhang_angle = 60
; infill_shift_step = 0.4
; infill_wall_overlap = 15%
; inherits_group = "0.20mm Standard @Anycubic Kobra 2 Neo 0.4 nozzle";"Anycubic PLA @Anycubic Kobra 2 Neo 0.4 nozzle";"Anycubic Kobra 2 Neo 0.4 nozzle"
; initial_layer_acceleration = 500
; initial_layer_infill_speed = 50
; initial_layer_jerk = 9
; initial_layer_line_width = 0.5
; initial_layer_min_bead_width = 85%
; initial_layer_print_height = 0.2
; initial_layer_speed = 20
; initial_layer_travel_acceleration = 100%
; initial_layer_travel_jerk = 100%
; initial_layer_travel_speed = 100%
; inner_wall_acceleration = 1500
; inner_wall_filament_id = 0
; inner_wall_flow_ratio = 1
; inner_wall_jerk = 10
; inner_wall_line_width = 0.45
; inner_wall_speed = 45
; input_shaping_damp_x = 0.1
; input_shaping_damp_y = 0.1
; input_shaping_emit = 0
; input_shaping_freq_x = 0
; input_shaping_freq_y = 0
; input_shaping_type = ZV
; interface_shells = 0
; interlocking_beam = 0
; interlocking_beam_layer_count = 2
; interlocking_beam_width = 0.8
; interlocking_boundary_avoidance = 2
; interlocking_depth = 2
; interlocking_orientation = 22.5
; internal_bridge_angle = 0
; internal_bridge_density = 100%
; internal_bridge_fan_speed = -1
; internal_bridge_flow = 1
; internal_bridge_speed = 150%
; internal_solid_filament_id = 0
; internal_solid_infill_acceleration = 100%
; internal_solid_infill_flow_ratio = 1
; internal_solid_infill_line_width = 0.42
; internal_solid_infill_pattern = rectilinear
; internal_solid_infill_speed = 60
; ironing_angle = 0
; ironing_angle_fixed = 0
; ironing_expansion = 0
; ironing_fan_speed = -1
; ironing_flow = 15%
; ironing_inset = 0
; ironing_pattern = rectilinear
; ironing_spacing = 0.1
; ironing_speed = 15
; ironing_type = no ironing
; is_infill_first = 0
; lateral_lattice_angle_1 = -45
; lateral_lattice_angle_2 = 45
; layer_change_gcode = ; AFTER_LAYER_CHANGE [layer_num] @ [layer_z]mm
; layer_height = 0.2
; lightning_overhang_angle = 45
; lightning_prune_angle = 45
; lightning_straightening_angle = 45
; line_width = 0.42
; long_retractions_when_cut = 0
; long_retractions_when_ec = 0
; machine_end_gcode = M140 S0; Heatbed off\nM107; Fan off \nG91; relative positioning \nM83 ; extruder relative mode\nG1 E-3 F3000 ;retract the filament a bit before lifting the nozzle, to release some of the pressure\nG1 Z+0.5 F3000 ;move Z up a bit and retract filament even more\nM104 S0; Extruder off\nG28 X Y;move X/Y to min endstops, so the head is out of the way\nG90; absolute positioning \nG1 Y220 F3000\nM84 ;steppers off\nM300 S1318 P266
; machine_load_filament_time = 42
; machine_max_acceleration_e = 2000,2000
; machine_max_acceleration_extruding = 2000,2000
; machine_max_acceleration_retracting = 2000,2000
; machine_max_acceleration_travel = 20000,20000
; machine_max_acceleration_x = 2000,2000
; machine_max_acceleration_y = 2000,2000
; machine_max_acceleration_z = 800,800
; machine_max_jerk_e = 5,5
; machine_max_jerk_x = 10,10
; machine_max_jerk_y = 10,10
; machine_max_jerk_z = 2,2
; machine_max_junction_deviation = 0.01
; machine_max_speed_e = 100,100
; machine_max_speed_x = 300,300
; machine_max_speed_y = 300,300
; machine_max_speed_z = 8,8
; machine_min_extruding_rate = 0,0
; machine_min_travel_rate = 0,0
; machine_pause_gcode = M601
; machine_start_gcode = G21 ; metric values\nG90 ; use absolute coordinates\nM83 ; extruder relative mode\nM104 S[first_layer_temperature] ; set extruder temp\nM140 S[first_layer_bed_temperature] ; set bed temp\nG28; move X/Y/Z to min endstops\nM420 S1\nM300 S1318 P266\nG1 Z5 F5000 ; lift nozzle\nG1 X0 Y0  F3000\nG1 Z0.3; lift nozzle a bit\nG92 E0 ; zero after lift\nG1 X10 Y5 F1800 ; move to purge line start position\nM190 S[first_layer_bed_temperature] ; wait for bed temp\nM109 S[first_layer_temperature] ; wait for extruder temp\nG1 X60 Y5 E20 F500 ; Extrude 20mm of filament in a 5cm line. \nG92 E0 ; zero the extruded length again \nG1 E-4.5 F4000 ; Retract a little \nG92 E0 ; zero the extruded length again\nG1 X120 F4000 ; Quickly wipe away from the filament line\nM117 Printing... ; Display status message
; machine_tool_change_time = 0
; machine_unload_filament_time = 0
; make_overhang_printable = 0
; make_overhang_printable_angle = 55
; make_overhang_printable_hole_size = 0
; manual_filament_change = 0
; master_extruder_id = 1
; max_bridge_length = 10
; max_layer_height = 0.28
; max_resonance_avoidance_speed = 120
; max_travel_detour_distance = 0
; max_volumetric_extrusion_rate_slope = 0
; max_volumetric_extrusion_rate_slope_segment_length = 5
; min_bead_width = 85%
; min_feature_size = 25%
; min_layer_height = 0.08
; min_length_factor = 0.5
; min_resonance_avoidance_speed = 70
; min_skirt_length = 0
; min_width_top_surface = 300%
; minimum_sparse_infill_area = 15
; mmu_segmented_region_interlocking_depth = 0
; mmu_segmented_region_max_width = 0
; notes = 
; nozzle_diameter = 0.4
; nozzle_flush_dataset = 0
; nozzle_height = 4
; nozzle_hrc = 0
; nozzle_temperature = 235
; nozzle_temperature_initial_layer = 240
; nozzle_temperature_range_high = 230
; nozzle_temperature_range_low = 190
; nozzle_type = brass
; nozzle_volume = 0
; nozzle_volume_type = Standard
; only_one_wall_first_layer = 0
; only_one_wall_top = 1
; ooze_prevention = 0
; other_layers_print_sequence = 0
; other_layers_print_sequence_nums = 0
; outer_wall_acceleration = 800
; outer_wall_filament_id = 0
; outer_wall_flow_ratio = 1
; outer_wall_jerk = 10
; outer_wall_line_width = 0.42
; outer_wall_speed = 30
; overhang_1_4_speed = 60
; overhang_2_4_speed = 50
; overhang_3_4_speed = 30
; overhang_4_4_speed = 10
; overhang_fan_speed = 50
; overhang_fan_threshold = 50%
; overhang_flow_ratio = 1
; overhang_reverse = 0
; overhang_reverse_internal_only = 0
; overhang_reverse_threshold = 50%
; parallel_printheads_bed_exclude_areas = 
; parallel_printheads_count = 1
; parking_pos_retraction = 0
; part_cooling_fan_min_pwm = 0
; pellet_flow_coefficient = 0.4157
; pellet_modded_printer = 0
; physical_extruder_map = 0
; post_process = 
; precise_outer_wall = 0
; precise_z_height = 0
; preferred_orientation = 0
; preheat_steps = 1
; preheat_time = 30
; pressure_advance = 0
; prime_tower_brim_width = 5
; prime_tower_enable_framework = 0
; prime_tower_flat_ironing = 0
; prime_tower_infill_gap = 150%
; prime_tower_skip_points = 1
; prime_tower_width = 45
; prime_volume = 45
; print_compatible_printers = "Anycubic Kobra 2 Neo 0.4 nozzle"
; print_extruder_id = 1
; print_extruder_variant = "Direct Drive Standard"
; print_flow_ratio = 1
; print_order = default
; print_sequence = by layer
; print_settings_id = PETG Default @Kobra 2 Neo
; printable_area = 0x0,220x0,220x220,0x220
; printable_height = 250
; printer_agent = 
; printer_extruder_id = 1
; printer_extruder_variant = "Direct Drive Standard"
; printer_model = Anycubic Kobra 2 Neo
; printer_notes = 
; printer_settings_id = Anycubic Kobra 2 Neo Final
; printer_structure = i3
; printer_technology = FFF
; printer_variant = 0.4
; printhost_authorization_type = key
; printhost_ssl_ignore_revoke = 0
; printing_by_object_gcode = 
; process_change_extrusion_role_gcode = 
; purge_in_prime_tower = 0
; raft_contact_distance = 0.1
; raft_expansion = 1.5
; raft_first_layer_density = 60%
; raft_first_layer_expansion = 2
; raft_layers = 0
; reduce_crossing_wall = 0
; reduce_fan_stop_start_freq = 1
; reduce_infill_retraction = 1
; relative_bridge_angle = 0
; required_nozzle_HRC = 0
; resolution = 0.012
; resonance_avoidance = 0
; retract_before_wipe = 70%
; retract_length_toolchange = 0
; retract_lift_above = 0.3
; retract_lift_below = 258
; retract_lift_enforce = All Surfaces
; retract_restart_extra = 0
; retract_restart_extra_toolchange = 0
; retract_when_changing_layer = 1
; retraction_distances_when_cut = 18
; retraction_distances_when_ec = 10
; retraction_length = 0.5
; retraction_minimum_travel = 1
; retraction_speed = 40
; role_based_wipe_speed = 1
; scan_first_layer = 0
; scarf_angle_threshold = 155
; scarf_joint_flow_ratio = 1
; scarf_joint_speed = 100%
; scarf_overhang_threshold = 40%
; seam_gap = 10%
; seam_position = back
; seam_slope_conditional = 1
; seam_slope_entire_loop = 0
; seam_slope_inner_walls = 0
; seam_slope_min_length = 10
; seam_slope_start_height = 0
; seam_slope_steps = 10
; seam_slope_type = none
; set_other_flow_ratios = 0
; silent_mode = 0
; single_extruder_multi_material = 1
; single_extruder_multi_material_priming = 0
; single_loop_draft_shield = 0
; skeleton_infill_density = 25%
; skeleton_infill_line_width = 100%
; skin_infill_density = 25%
; skin_infill_depth = 2
; skin_infill_line_width = 100%
; skirt_distance = 3
; skirt_height = 1
; skirt_loops = 3
; skirt_speed = 25
; skirt_start_angle = -135
; skirt_type = combined
; slice_closing_radius = 0.049
; slicing_mode = regular
; slow_down_for_layer_cooling = 1
; slow_down_layer_time = 10
; slow_down_layers = 1
; slow_down_min_speed = 20
; slowdown_for_curled_perimeters = 0
; small_area_infill_flow_compensation = 0
; small_area_infill_flow_compensation_model = 0,0;"\n0.2,0.4444";"\n0.4,0.6145";"\n0.6,0.7059";"\n0.8,0.7619";"\n1.5,0.8571";"\n2,0.8889";"\n3,0.9231";"\n5,0.9520";"\n10,1"
; small_perimeter_speed = 50%
; small_perimeter_threshold = 0
; solid_infill_direction = 45
; solid_infill_rotate_template = 0,90
; sparse_infill_acceleration = 100%
; sparse_infill_density = 10%
; sparse_infill_filament_id = 0
; sparse_infill_flow_ratio = 1
; sparse_infill_line_width = 0.45
; sparse_infill_pattern = adaptivecubic
; sparse_infill_rotate_template = 
; sparse_infill_speed = 60
; spiral_finishing_flow_ratio = 0
; spiral_mode = 0
; spiral_mode_max_xy_smoothing = 200%
; spiral_mode_smooth = 0
; spiral_starting_flow_ratio = 0
; staggered_inner_seams = 0
; standby_temperature_delta = -5
; start_end_points = 30x-3,54x245
; supertack_plate_temp = 35
; supertack_plate_temp_initial_layer = 35
; support_air_filtration = 1
; support_angle = 0
; support_base_pattern = rectilinear
; support_base_pattern_spacing = 0.2
; support_bottom_interface_spacing = 0.5
; support_bottom_z_distance = 0.2
; support_chamber_temp_control = 0
; support_critical_regions_only = 0
; support_expansion = 0
; support_filament = 0
; support_flow_ratio = 1
; support_interface_bottom_layers = 0
; support_interface_filament = 0
; support_interface_flow_ratio = 1
; support_interface_loop_pattern = 0
; support_interface_not_for_body = 1
; support_interface_pattern = auto
; support_interface_spacing = 0.5
; support_interface_speed = 80
; support_interface_top_layers = 0
; support_ironing = 0
; support_ironing_flow = 10%
; support_ironing_pattern = rectilinear
; support_ironing_spacing = 0.1
; support_line_width = 0.4
; support_material_interface_fan_speed = -1
; support_multi_bed_types = 0
; support_object_first_layer_gap = 0.2
; support_object_skip_flush = 0
; support_object_xy_distance = 0.35
; support_on_build_plate_only = 0
; support_parallel_printheads = 0
; support_remove_small_overhang = 1
; support_speed = 100
; support_style = default
; support_threshold_angle = 40
; support_threshold_overlap = 50%
; support_top_z_distance = 0.2
; support_type = normal(auto)
; symmetric_infill_y_axis = 0
; temperature_vitrification = 60
; template_custom_gcode = 
; textured_cool_plate_temp = 40
; textured_cool_plate_temp_initial_layer = 40
; textured_plate_temp = 70
; textured_plate_temp_initial_layer = 70
; thick_bridges = 0
; thick_internal_bridges = 1
; thumbnails = 230x110/PNG
; thumbnails_format = PNG
; time_cost = 0
; time_lapse_gcode = 
; timelapse_type = 0
; tool_change_on_wipe_tower = 0
; top_bottom_infill_wall_overlap = 25%
; top_shell_layers = 5
; top_shell_thickness = 1
; top_solid_infill_flow_ratio = 1
; top_surface_acceleration = 1000
; top_surface_density = 100%
; top_surface_filament_id = 0
; top_surface_jerk = 9
; top_surface_line_width = 0.42
; top_surface_pattern = monotonicline
; top_surface_speed = 30
; travel_acceleration = 2000
; travel_jerk = 10
; travel_slope = 3
; travel_speed = 150
; travel_speed_z = 0
; tree_support_angle_slow = 25
; tree_support_auto_brim = 1
; tree_support_branch_angle = 40
; tree_support_branch_angle_organic = 40
; tree_support_branch_diameter = 5
; tree_support_branch_diameter_angle = 5
; tree_support_branch_diameter_organic = 2
; tree_support_branch_distance = 5
; tree_support_branch_distance_organic = 1
; tree_support_brim_width = 3
; tree_support_tip_diameter = 0.8
; tree_support_top_rate = 30%
; tree_support_wall_count = 0
; upward_compatible_machine = 
; use_3mf = 0
; use_firmware_retraction = 0
; use_relative_e_distances = 1
; volumetric_speed_coefficients = ""
; wall_direction = ccw
; wall_distribution_count = 1
; wall_generator = classic
; wall_loops = 3
; wall_maximum_deviation = 0.025
; wall_maximum_resolution = 0.5
; wall_sequence = outer wall/inner wall
; wall_transition_angle = 10
; wall_transition_filter_deviation = 25%
; wall_transition_length = 100%
; wipe = 1
; wipe_before_external_loop = 1
; wipe_distance = 1
; wipe_on_loops = 1
; wipe_speed = 80%
; wipe_tower_bridging = 10
; wipe_tower_cone_angle = 15
; wipe_tower_extra_flow = 100%
; wipe_tower_extra_rib_length = 0
; wipe_tower_extra_spacing = 100%
; wipe_tower_filament = 0
; wipe_tower_fillet_wall = 1
; wipe_tower_max_purge_speed = 90
; wipe_tower_no_sparse_layers = 0
; wipe_tower_rib_width = 8
; wipe_tower_rotation_angle = 0
; wipe_tower_type = type2
; wipe_tower_wall_type = rib
; wipe_tower_x = 6.000
; wipe_tower_x = 6
; wipe_tower_y = 189.972
; wipe_tower_y = 189.972
; wiping_volumes_extruders = 70,70,70,70,70,70,70,70,70,70
; wrapping_detection_gcode = 
; wrapping_detection_layers = 20
; wrapping_exclude_area = 
; xy_contour_compensation = 0
; xy_hole_compensation = 0.1
; z_hop = 0.2
; z_hop_types = Slope Lift
; z_offset = 0
; zaa_dont_alternate_fill_direction = 0
; zaa_enabled = 0
; zaa_min_z = 0.05
; zaa_minimize_perimeter_height = 35
; first_layer_bed_temperature = 70
; bed_shape = 0x0,220x0,220x220,0x220
; first_layer_temperature = 240
; first_layer_height = 0.200
; CONFIG_BLOCK_END


